id,name,genre,country,debut_year
78afbfe4-f480-45c9-a5f4-9268203c4e9a,Mine.,Rap,Croatia,1955
0c67eded-a35d-44d7-b6e5-d0a3dbbe9917,In.,Hard Rock,Netherlands,2010
7d97cf03-0300-47f7-a670-9c631e2720b7,Person.,Chamber,Vietnam,1959
811d9267-7ab1-42b6-b597-6eba47aafa95,Since.,Disco,Portugal,2006
955c7418-3caf-4ba4-9752-edcce0282443,Eventually.,Soul,Denmark,2011
f0cb0aec-fcaa-4602-bd99-b185402d49f9,Near.,World,Hungary,1944
a7dce2de-50a6-418f-80b5-b62b0aed3e6f,These.,Techno,Hungary,2005
50919e61-e806-4575-b53f-92dbafba98aa,Doctor.,Latin,Russia,2016
dacbe454-40e5-45ce-a392-d77cf5df8b22,Jump.,Musical Theatre,Thailand,1958
e251b146-09da-48a8-92fd-0174e10b3a89,Realistic.,Reggae,India,1939
d11b8cbb-0c12-40b1-8926-7e05d6df6010,This.,Electronic,Norway,1992
98326d90-0e6b-45df-a718-16dd2fbfde28,Die.,World,Spain,1923
f70da73f-5a02-499e-b6ce-d9350d5d7066,Besides.,Acoustic,Philippines,1989
ff01b1ed-a584-4739-98a0-fc0e0f131035,Many.,Celtic,Vietnam,1960
47d3ce17-355a-45fe-b4cb-e68adc37109e,Hers.,Alternative Hip-hop,Israel,2019
971fa950-0990-41da-95a6-f211cc8ac2ab,Myself.,Electronic,Bulgaria,1929
d5a98a19-06a1-4cc4-b5ce-bc3d82d31efb,Basket.,R&B,Turkey,1953
97219a31-8d54-4e5e-a3a3-80362bc8d704,Victorian.,Acoustic,Germany,2021
208c1c56-036c-4196-a165-f04ce2b864db,When.,Hardcore,Czech Republic,2016
677d5589-c508-44aa-8606-4b5517d782cb,May.,Acoustic,Ireland,1923
e97bc557-6d6b-431c-8d7e-e44f0e2a01ac,Earlier.,Crossover,Singapore,1960
cff0deb8-44fb-4fa9-be0c-eecfdd5789ae,Shake.,Disco,Ireland,2003
36bfd23b-27e4-4017-bce6-9134d8074221,Consist.,Metal,Spain,2008
575881c3-f0ec-44f4-b4af-5f28a93784a1,Therefore.,Folk,Slovenia,1996
532913dd-24b5-45bc-8750-396940184233,Marry.,Trance,Malaysia,1940
aa6a6ee4-c805-4eb3-b79e-99fbdf46c76c,Bunch.,Ska,Turkey,1955
790005ba-ca32-425c-b3b3-97807ad0e000,Whom.,Punk,New Zealand,2002
14e728c2-61e2-4f61-906d-c330c93e3812,Your.,Punk,Brazil,1951
7e2f12c1-ced2-4be7-81a0-d77c3aa3c1eb,Account.,Rock,Singapore,2011
d4237750-fd2f-404f-a2f1-3cfe91f9fa72,Certain.,Alternative,Saudi Arabia,2010
0eea3949-fc11-4d3b-8264-58215e452060,Weekly.,New Age,Austria,1954
4421eb2d-1e76-40a9-b551-2416b01c790e,There.,Dance,Netherlands,1974
9a7ef953-91eb-47b4-a90c-ac4a8b4024ac,Scold.,Dubstep,Vietnam,1976
7e80978f-47e6-4334-a542-549cd61a30b8,Fly.,Crossover,Netherlands,2011
4487b14d-7531-4ac5-83e5-9dad338b1b4b,Who.,Acoustic,Singapore,2019
23af2f01-7287-4caf-9c52-4856afc6c78c,His.,Traditional,Turkey,1948
76ef92b1-9b26-487e-b111-b23adb346843,Through.,Traditional,Saudi Arabia,1979
67946dc9-693d-42d9-b572-e2ca9e4e0a02,Busy.,Reggae,Colombia,1920
cbc142d1-eced-4103-b5ce-45ba0201675c,Simply.,Synth-pop,South Africa,2003
aaeeffbb-1b0f-45e6-a504-d6d6fede89b3,Who.,Musical Theatre,Bulgaria,1993
e31755e9-9021-42c7-a837-4339f30073f1,Kindly.,Indie,New Zealand,1938
ed695fe0-59bf-4e8d-9706-9e7dda5d6cf2,Quarterly.,Jazz,Colombia,2013
fa937332-1a5f-42d4-b2c6-21c77ff3541f,School.,Celtic,Germany,1965
777b8656-502c-4fcf-8d54-f31f7e8ec3e7,Out.,Trance,Russia,1957
3112f663-e17b-4f51-b2d7-abe820f94188,Apple.,Metal,South Korea,1946
4f41af26-4447-47dc-a1e5-864fd4e272d4,Vilify.,Crossover,Canada,2006
99d50a9e-bd65-41b0-b44e-674acf45aa09,Was.,Chamber,Bulgaria,1942
41b81833-2aaf-4567-afd3-e3dabd502d8a,Of.,Rock,Switzerland,1954
eb7fb7db-3ed9-4b29-b71c-15524bb3745d,Much.,Rap,Chile,2001
de24166b-ce17-4434-9eaa-4835b49b5761,Aha.,Indie,Argentina,2014
ee6c73cb-a12f-411d-9975-62449eaf30fe,Nepalese.,Pop,Canada,1974
ef8d91eb-8bfe-4da5-89c8-ebcda4d75da2,Innocently.,Folk,Norway,2012
1ad789fe-0f85-4b68-a1fb-fb7f160c061d,In.,Latin,Argentina,1996
107a1780-ec1d-4dcd-9864-79e7192a5793,Luck.,Blues,South Korea,1999
207be8e9-289e-4e50-b52b-03de17bfa046,That.,Crossover,Malaysia,2017
48987a2c-111f-474a-ac3e-29409329062d,An.,Rock,Ireland,1959
4a4c2337-77c0-4b3d-a6f5-2142466fd740,Where.,Ska,Canada,1933
8fc21c6e-b3b5-436f-8b52-7c554b548634,Herself.,Dance,Slovakia,2018
8044ebc3-1269-41df-8058-883e29ac813e,Yourselves.,Chamber,New Zealand,1966
da619595-5d99-4727-bc13-6eb6212d2672,Yourselves.,Rap,Greece,2012
312d95c6-f6e8-439d-93c2-e1e709bf7b38,But.,Ambient,Colombia,2011
c196f49c-fcd8-4331-90b0-e1819e08d5f0,Now.,Trance,Belgium,1985
f41d3d7a-a5dd-4bbd-a0b2-4661ef9d50fd,It.,Pop,France,1969
c97b7927-0fc1-494e-9a99-8f2199ec0512,Specify.,Funk,Portugal,1943
8427645f-c2c6-4f07-9148-ecbe2b9f62c4,Oil.,Reggae,Philippines,1966
7826aaee-2313-4072-a416-161f7081985a,Alone.,Ska,Austria,2017
54d205ea-70ba-4947-8d2c-a618dccef00a,Now.,Trance,Romania,1997
a1595a36-2800-4286-bc8f-31a41addaf6f,Indian.,Traditional,Philippines,1996
22b8b01a-922d-4824-b549-7fdcc7c7928f,Poorly.,Electronic,Croatia,2016
22eb5026-e894-4372-bd2c-1e2e02feb925,Then.,Soul,Slovenia,1935
8a7c7b32-a474-43d5-aaac-c48c422617bd,Tonight.,Alternative Hip-hop,Malaysia,1971
102fb100-66ef-45e7-bba3-55b5d44fdfb9,Is.,Latin,Turkey,1935
c95616f4-9751-4264-bc02-4a9290aaa7a1,Children.,Hip-hop,Ireland,1931
cfd88369-75a3-414b-9f44-ff2a8eb828f0,Which.,Trance,USA,1975
d0dc95be-730a-47cb-b04a-a09d5b4fa4a2,Belief.,Ska,Argentina,2004
36ce5b0f-f62a-4c65-a67c-e32613aeb132,Had.,Folk,Switzerland,2003
00bbda18-8324-4ea2-91b9-d0240eb099c1,Today.,Country,South Africa,1963
085d018e-f5dd-4670-aab8-ad924eace430,Hmm.,Synth-pop,Ukraine,1929
c28cfd72-3b14-4b90-8fb0-0c1f9c9d167f,May.,Folk,Canada,1969
6bc519ad-bdcb-4cc0-99ae-f03efa1391ba,Mob.,Rock,Russia,1958
bc2b6097-bd6f-40ef-add1-43e4ac0713a7,In.,Progressive,United Arab Emirates,2004
f1b035c4-e85c-4242-898b-2f6c2af75f0a,Rice.,Metal,Sweden,1933
955b6955-39ec-4a0e-9cea-90275bd74ba8,Over.,Pop,Switzerland,1973
6a2f9d89-1ee0-4daa-bac7-2230d2560531,Formerly.,Lounge,Vietnam,1969
a3cf2edb-c17a-4230-9c0c-929895b3cf3c,Meanwhile.,Dance,Portugal,1931
e05a6a71-b343-480c-b0c6-44b547ff4745,Cook.,Acoustic,Bulgaria,1968
37edf189-aebb-45fb-a19b-4dbaf299b363,Afterwards.,Synth-pop,France,1963
ec791d24-895f-4bf7-81aa-95bdb4ce3ac9,Range.,Hip-hop,Brazil,1922
230daff6-6744-411e-a5ea-d50a82a20eed,Chest.,Soul,United Kingdom,1978
e834bd72-851c-45d3-8c80-14a6e3b88f7f,That.,Rock,Serbia,1949
712fff71-80c0-4774-b706-fec09f00034b,Whomever.,Latin,Vietnam,1973
a6e8dcf6-9626-4624-9b26-9d6cbc061b1d,Case.,World,Spain,2021
55a09eb7-3261-4f3c-bda8-53c43eca02d3,Mine.,Latin,Singapore,1937
a99a253a-1025-4636-8b85-503255c69a0b,Hers.,Dance,Argentina,2008
d13081ba-d4ac-4024-883f-3395a1a08f77,Alligator.,Rap,Ukraine,1984
398275a2-39ec-429e-9dee-0f8437ac97af,Since.,Rap,Vietnam,2022
7d9a0d2c-0f61-4ec9-aa74-c473b4d5dd08,Generally.,Psychedelic Rock,Argentina,1929
2e5d70ec-a975-47ec-9de5-16d02e5201fd,Were.,Traditional,Slovenia,1957
4ca30377-89b4-45bb-b1fc-da5206ffaf1d,Those.,Progressive,Argentina,2020
1496c22f-80c7-4730-80fa-7b8e9b389fe4,Of.,R&B,Ukraine,1937
f9f9c8d9-5978-4e2d-9a06-66c37ad26070,By.,Indie,Ireland,1998
5b191a21-b1fa-441e-9bef-d9d24b4d2f92,Goal.,World,France,1963
f7ce2621-3a88-4f95-9613-653e6e2b59b8,Greedily.,Ska,Czech Republic,2014
ece50245-96dc-4ed4-867a-c6c21d6f6930,Where.,Jazz,Ireland,2020
c3f0bbfc-a16e-4c01-b7e3-5e3c848e7428,Whomever.,Hip-hop,Bulgaria,2022
de5a59a1-a612-472c-8234-54077eccd7b4,Game.,World,Ukraine,1940
af631a4a-e14f-4634-b933-25206014db03,Each.,Alternative,New Zealand,1962
0635839d-840a-4ecd-8c8f-3a746a770faf,Anyone.,Pop,Saudi Arabia,1979
4326c072-4cd7-4ab3-a983-5b2327bd43a1,App.,Dance,Czech Republic,2019
c4ff6da4-a526-478a-ae1e-e9d72e12c985,Downstairs.,Ska,Bulgaria,1969
938771e1-644f-4d19-96c2-5e330160c25f,Will.,Gothic,Spain,2021
56cebfff-9fc8-45cc-a6dc-cd29d89c7deb,Quarterly.,Metal,USA,1976
41fc9d94-44ef-4cd2-9bac-def32d689eb0,Beautiful.,Folk,Serbia,1952
07587f7a-420b-4f8c-8352-31fac87ab477,Chest.,Rock,Philippines,1987
99b70508-4569-4456-aab0-b898d35256be,To.,Psychedelic Rock,Ireland,1957
d12b71bd-8ba3-41d0-a6c8-a26972168058,First.,Synth-pop,Singapore,1975
49efc9d1-736b-4609-86cb-324383964cea,Himself.,Classical,Japan,2016
f83840ea-5b1b-442f-bce5-1b8e00ba6bb0,Secondly.,Dubstep,Mexico,1963
e72f1b89-89ab-4b30-9432-68b9de1d7958,Little.,Jazz,Turkey,1990
c14e9764-76b7-4b45-a1b3-90e1a7da950a,Eventually.,Pop,South Korea,1983
d6ee0445-e96c-4fb2-80d8-f48dbee3abc5,Theirs.,Techno,New Zealand,1929
40670f9a-9476-49e8-bbfa-8ab40f15c887,Watch.,Reggae,Slovakia,2011
06b0f444-26c3-44b8-b3fe-5f86b58ba31a,Always.,Synth-pop,Saudi Arabia,1943
69f95ccd-4924-4a9a-b0a1-c72be9907957,As.,Latin,Serbia,1949
f2a25044-ef8e-4410-9584-e9614f1b3192,Link.,Musical Theatre,Hungary,1960
4c8d62a3-6176-4178-80e9-86c67cd9eca1,It.,Rap,Serbia,1986
6d23c62c-44c3-4489-b307-19241d979d27,Finally.,Rap,India,2002
2ad2a386-61c3-41e6-ada0-c691fc4faadd,Might.,Reggae,Ukraine,1961
2f4ea647-6571-4c25-8998-b6ae2619d583,His.,Musical Theatre,Sweden,1960
4edfb6ef-f50b-490e-b55a-901bdc25060f,Everything.,Alternative Hip-hop,Romania,2007
e1418ed5-7ee9-4548-b2d7-71c460bdf33e,Those.,Trance,Sweden,1976
2ee9baf6-78ab-4806-bce7-30c3d3539198,Gown.,Jazz,Russia,1964
86ef2589-d0b7-4d19-9a3e-f6db50488c44,Seriously.,New Age,Thailand,1981
b3c8472a-658f-479b-affb-3a882d6bb183,Daily.,Acoustic,Brazil,1994
aa506b79-88f6-458e-afc5-013259d8d86b,Dollar.,Electronic,Czech Republic,1948
169701fe-4c0f-450c-893c-adc87371de5a,She.,Folk,Vietnam,1957
981dec0b-e0bd-424b-9b3b-c93329c93bf3,That.,Celtic,Germany,1932
0426a212-de90-4953-b4fc-2e8a8dce29dc,Daily.,Ambient,Netherlands,1996
d0fd73ce-4f2a-4beb-931a-cd3b72c2f126,Soon.,Rap,Malaysia,1935
b0d0121e-1192-4049-898a-0807e3ff2adb,Library.,Latin,New Zealand,1933
e6e52c15-666e-49a4-9e90-898e28d03a32,Jungian.,Classical,Colombia,1925
2a559f41-0e56-4bc6-aff6-654a900fc769,Ours.,Traditional,South Africa,1953
b646cc81-2f15-4df9-bf9a-531b8c57b303,Quarterly.,New Age,Portugal,2001
3e6850ae-20e6-4b47-810d-7e28ca9a8656,Thatcherite.,Metal,Croatia,2005
6af08bd5-c4b7-459b-b433-b41fcc2f50d3,There.,Traditional,Croatia,2013
4ff45b76-027c-4668-ba90-0a6e8741990e,Firstly.,Celtic,Switzerland,1924
45e5cb71-eb59-4c3e-8b8e-87089aa79e51,With.,Celtic,Ireland,2022
50fadf0b-a3df-4caa-8fcd-68d92420d1aa,Besides.,Electronic,Argentina,1961
a47dcf95-a93c-4908-9a61-d8dce2e2c16c,Through.,Jazz,New Zealand,1936
0fcdc80c-d02c-4366-b6ed-d374f1101451,On.,Ambient,United Kingdom,2017
d5d05949-5b34-41e8-9876-c5c424e4925c,Anywhere.,Ska,Singapore,2007
053bb181-b2a2-478b-988a-c086f32bb087,Up.,Psychedelic Rock,Belgium,1984
8fbc3e53-60ea-4db8-a441-de1444c11a62,Eye.,Acoustic,South Korea,2009
e28cc14f-5c16-4cfe-af4e-533d8c469763,Wit.,Ambient,Philippines,1978
80b049bb-2f1b-4494-8ad1-96b4acfcf062,Decidedly.,Chamber,China,1984
c9ee56ac-cbaa-43e1-84bf-be86fccf21d6,Me.,Celtic,Japan,1939
cd9b0f70-74c4-4d3c-8980-e56bad5f0c0e,That.,Musical Theatre,USA,1976
4f615d55-eae7-445a-9041-8ed0ed541f6a,Chair.,Folk,Philippines,1965
e3152a0c-942d-43c9-88ce-032e278f1a25,Alone.,Reggae,China,1983
a762524b-388d-438a-b802-95b745968e4f,Ream.,Celtic,Finland,1975
c78f6bb8-b90a-4254-8e39-e69919939c39,They.,Chamber,Canada,1983
55ef7bb8-c0de-4a77-8025-b33b6b618650,Horde.,Synth-pop,Denmark,1949
9f1bdde5-06b9-4523-85ba-415c5f75a761,This.,Crossover,Croatia,1985
02dfec62-5ac3-4f25-adaf-1b6c559c7323,Her.,Funk,India,2016
a3d5f238-06a4-40b7-98a7-233442ca4134,Water.,Blues,USA,2008
5caf93ac-66c1-42e5-8b93-360d26534865,Of.,R&B,United Arab Emirates,1999
ec7c35dc-28f2-4509-b822-283adfe7887f,Half.,Alternative Hip-hop,Spain,1945
8f45f722-b49c-4003-8852-c87ead789f45,Account.,Dubstep,Austria,1951
a2ad57e5-4b3b-493b-9c7f-0816648066d1,It.,Metal,Netherlands,2024
2f5769b5-db97-4e30-963d-da022eb194d1,Her.,Indie,Croatia,1948
4eb81263-1c5d-4be0-907c-acd07f4b3c16,Zealous.,Dubstep,Hungary,1944
7171a5cd-b2c0-433f-87fe-eaf41a93c332,At.,Ambient,Austria,1932
8cb17810-3a4d-4403-a74f-e2903aea0317,Must.,Hardcore,New Zealand,1966
7f83e0cf-a2f3-4f95-ab94-ddba18829c0e,Myself.,Reggae,New Zealand,1953
36c6d332-82ab-4408-92cc-ebc41cfafcaa,Whose.,Ambient,Colombia,1945
0b6079ae-fe5d-4881-b8d7-cbeeeca7e6f6,Person.,Lounge,Japan,2001
e12bd225-2ec3-4ac0-a09e-0bcdf3ea765b,Where.,Techno,Serbia,2007
37b88052-7936-4a6d-bf3c-32fec4fbf1aa,Youth.,Punk,Bulgaria,1967
9b91a166-4a6f-456c-b4ed-2ca6cf14fd4c,Graceful.,Blues,Japan,2024
89940f47-4cdd-4573-bbbb-16af45763d3d,Through.,Funk,Israel,1965
21e1e622-f9fa-42c9-b81a-6fa143cc7727,Finally.,Psychedelic Rock,Russia,2018
c2cefcf2-d21f-4d4c-83f9-c38fd136a4ff,Otherwise.,Metal,South Korea,1988
e54776f1-cc26-45e1-b9d4-36bd007765d9,Cast.,Jazz,Netherlands,1933
581e4a0e-6a83-4f5f-a66e-56e17b6f18b3,Today.,Trance,Israel,1993
701a8fe1-67e3-40d4-be4c-7b11c7620a8c,Out.,Trance,Brazil,2013
c2c050cd-a1d1-4116-991a-13c6a4d1be34,So.,Electronic,Saudi Arabia,1985
cfafa80f-85bf-4907-8202-462c99b7b328,Theirs.,Synth-pop,Saudi Arabia,1955
81ff3031-6f3b-4449-8d7e-14c514e43dba,Fiercely.,Pop,Bulgaria,2009
ae0b1437-a1c2-443b-a328-6e4662b6272e,Wisp.,Indie,Singapore,1991
9ab9f28f-0537-46e7-b491-7b75cf6cf43b,Indoors.,Pop,Italy,2002
648b61d2-4055-46a4-a605-347ee3a5316a,We.,Synth-pop,Slovakia,2017
296a985e-7136-4ec8-9294-6aeef1d2bdbb,Rather.,R&B,China,1975
c31c3fa3-1e46-4829-ab70-df091b112da9,In.,Hip-hop,Argentina,2018
99e46d4b-160b-40d4-aa82-1089e03d1e9c,Some.,Ska,Ukraine,1960
0e234bc0-8ab2-447f-a07e-be6584de5c0f,Anything.,Folk,Brazil,2017
6bf056a3-2cac-4918-9140-78066d3c1d80,Below.,Punk,New Zealand,2015
c90890fa-482e-4bcb-b30f-b2af03bc81d6,Then.,Alternative Hip-hop,Ukraine,1975
e3479b79-32ef-4d9c-945c-7417124928a4,Afghan.,Ambient,Malaysia,2008
343cac57-d4f0-4780-a83e-6f4d473a432a,Anger.,Ska,Saudi Arabia,1988
7772f5b8-3ae7-4445-978f-c7f7130ba92b,To.,Country,Thailand,1999
ceba69ec-1865-48c5-82e3-20a491138315,After.,Trance,Ukraine,1925
5fcfaf90-44c3-496c-bdcc-df6f7c895c2d,Shower.,Traditional,India,2015
399ccb72-b210-4211-9dac-d263cf67b8f8,Part.,New Age,Malaysia,2020
8a92b3ca-a830-4ba4-ac29-70b1a266b540,Which.,Hip-hop,New Zealand,2021
de5cb552-f8b6-4a7b-9725-fcbdb2a449ee,Soon.,Funk,China,1937
3c56dd72-d9f1-4bb1-acd9-f68f93c5960d,Eagerly.,Alternative,Colombia,1940
a04a3495-5494-44ca-8af1-9f8eef02aa06,Quickly.,Synth-pop,Ireland,1965
8053906a-20eb-427b-8ca0-68bf71afd9a3,Last.,Dance,Portugal,1962
55fc30db-f28e-4154-9ad8-3890f4093be2,Generally.,Psychedelic Rock,Serbia,1935
6f27434d-1e90-4f57-9749-e1926908d783,Viennese.,Dubstep,Netherlands,1934
565f642c-9baa-46bd-9ed9-6275f15edf58,The.,Latin,Malaysia,1997
2be2cc7d-f778-4422-9146-6a0a11d89c18,Basket.,Trance,New Zealand,2014
8d9e548c-8cb3-467f-8ff0-6fac9d1d4a4b,Example.,Celtic,Serbia,1965
d610d56d-529e-4a00-bb3e-de86eef7996c,College.,R&B,Austria,1985
a8aaa58d-461d-4a3f-b027-c6519cc55a79,Way.,Funk,Bulgaria,1955
72fb3f71-94b3-45ff-a3d5-6e60b9cf2e81,Next.,Funk,Serbia,2020
ebd3af7b-669a-4ef5-bec5-a85bf4891822,They.,Hip-hop,Poland,1974
6624180a-8cc8-448d-93b8-1590648f4f4b,Really.,Celtic,Thailand,1950
36b0792a-155f-4300-8a81-4a9d86b1d29f,Who.,Blues,Poland,1941
28c9687a-f859-4966-a924-8f8292aaad8f,Many.,Hip-hop,Australia,2000
fc8f6afb-c7a6-4bd1-a447-ec9d97109e5e,What.,Crossover,Greece,1995
ed411c73-49dd-4047-96d7-2a410b33051b,Before.,Celtic,United Arab Emirates,2022
f1b364aa-d52b-4379-9261-7aa946e0ffbb,Daily.,Chamber,Netherlands,1932
cabee3a9-9dc9-4205-a190-7ef345e61770,Weep.,Soul,Czech Republic,1963
a2570013-da98-49ef-86e9-aa74b6bbb063,Themselves.,Soul,Poland,1921
ad305b23-ba50-48fc-a4ff-f3f73f6fcb0f,Nevertheless.,Electronic,Argentina,1948
c0ae5998-77d9-476f-97f7-2106b222999a,While.,Disco,Norway,1937
94819034-b219-49f7-bdec-375a8f1a8154,Totally.,Psychedelic Rock,Norway,1939
16b4dc8b-3919-42cd-8f03-fd9f6428cdcd,Out.,Rap,Serbia,1973
3a209995-ab65-4f0b-9a10-f98af37e9cc4,Indoors.,Reggae,Ireland,2020
fa1a81b0-ef27-4652-ae60-b99492de0192,These.,Synth-pop,Malaysia,1967
527a6919-e418-4544-a81b-b553c7a07bfb,Were.,Blues,Brazil,1960
dc5677f9-8e1c-438b-ac7a-ae082ff8cc34,Since.,World,Slovenia,1966
bfe6bf61-08d4-4f03-9bd4-d98239abbd8a,For.,Classical,Russia,1999
06710995-9b62-43d5-b8e8-72657c31921e,Intensely.,Country,Australia,2017
676fdaed-ba86-4a53-a8e2-d38c828b37a9,Wow.,Dubstep,Serbia,2004
65815876-3d7f-411e-b1d5-e4fcb976e7c8,Adorable.,Hardcore,France,1962
6a1eae16-8fa4-43cc-aac9-1916a601c1fb,Enormously.,Progressive,India,2011
e4cafe8b-2e4d-4187-b509-3fa64594c726,Wit.,Synth-pop,Bulgaria,1947
145343d4-f37b-48b1-8fe7-7cee85616a1d,Am.,Indie,Germany,1927
c6382151-7732-46ae-a0b4-f221a880fe83,One.,R&B,Chile,2002
6e8134e5-1855-4c9e-8f21-0a418bfb75b0,Become.,Blues,Japan,1988
ed47e57a-7770-4f02-8255-6af247dabe88,Due.,Jazz,South Korea,1979
432cde63-e397-481c-a002-b2708b1ff6b7,These.,Acoustic,Canada,1971
c3799604-32da-4797-ad56-dbaa80da0771,Others.,Indie,France,2024
ebd84a6a-109b-4fab-8277-7b8c6bc15d18,Of.,Synth-pop,Spain,1958
49e82f6b-9280-4d18-828b-ff70a83fd250,Who.,Hardcore,Serbia,1934
57cb35b2-0874-40bf-8158-477e7651905d,Brace.,Pop,Australia,1934
dd82de34-c2c1-4d33-9b93-d7b5a6fc6c5f,Lighten.,Celtic,Netherlands,1970
9263b213-4f02-4d33-9919-ffa7eaa160e9,So.,Hardcore,Turkey,2003
adaef1e1-70af-4cc2-8d7b-331c8f53514d,Cackle.,Psychedelic Rock,Finland,1987
b2751ac0-4a27-4cb8-8846-c89f9e73411d,Today.,Hardcore,Philippines,1943
4d3fff83-eebf-429f-bb8f-907f9b532d65,Speed.,Funk,Serbia,1960
4c85eba6-2a6e-459d-a035-bfeccee2c112,Line.,Folk,Switzerland,2022
6cea4297-23ed-4710-9f8c-54a43845b2f3,Point.,Funk,United Arab Emirates,1930
fe984335-1a99-41e1-b525-8ee17ed35183,Off.,Ska,Finland,1944
4a7af74e-8d72-4ce8-b460-70fa6727c229,Ask.,Jazz,Serbia,1921
e7faa99a-d09c-4197-8952-fc1282383344,To.,Hard Rock,United Kingdom,2010
4e9c005b-d67d-4b76-85da-cd097020f8c5,Fiercely.,Country,Italy,1999
1c99af44-9971-40c3-be32-e427d6596c54,Whichever.,Pop,Poland,1944
48d9d9fa-796c-4460-a9ef-dbe3996dd9e8,After.,Jazz,Japan,2019
8f1a8ed2-298a-4893-be61-659aed4e62b3,Time.,Classical,Hungary,2005
5b35a21c-90f3-41c0-b0f9-a103c06631fb,Which.,World,Russia,1943
479c74e7-a792-48ec-8703-e2d0ddf29b18,Have.,Ambient,Spain,1977
f7e48eb5-bbca-4c44-ac05-cec0ef2d3b4d,Case.,Techno,USA,1922
2050b04f-eb66-4b28-9fe1-862bf115e247,On.,Gothic,Switzerland,1991
0247bf2e-6e47-41a1-a57a-75239c76495a,Besides.,Hard Rock,Vietnam,1938
0795b17a-a65d-4ead-948a-8d78c4d33489,Annually.,Blues,Poland,1990
99a016de-bd2c-48be-97b5-5cf89a52de1d,Just.,Pop,Ukraine,1950
4fe414b4-e35d-4789-b11f-421d6cfebba9,Shall.,World,France,1997
cf9adc34-171c-433a-847f-e5f111dd1695,Safety.,Techno,Denmark,1929
40f89500-58d8-42d2-8d54-06264efea4de,Our.,Soul,China,1991
e5019e75-ffb5-4d68-aa38-470f32362539,Weekly.,Synth-pop,Norway,2002
ed866809-ff20-44b5-a1ad-82f2cfeb55ae,Hourly.,Lounge,Belgium,1954
a7e988dc-b726-49b7-971a-9274abb93f1a,Money.,Crossover,Russia,2003
719cfe11-02a4-4ce5-a540-78204a64ade3,Whose.,Musical Theatre,Spain,1975
5f59ca9a-a82d-40a7-b3b1-f118d45dc2fc,Whose.,Punk,Slovenia,2014
57734765-0d48-43ee-b449-c5f2fa3bae21,Earlier.,Gothic,Canada,2012
dffb5e8a-952c-4052-9fdc-8630859cbe3b,Did.,Funk,New Zealand,1970
b811ff76-86da-401d-ba52-6f9a957be3ac,Me.,Disco,Japan,1942
f21d04b9-6a85-49a3-967c-d67d7c0c751c,Hiccup.,Ambient,Sweden,1932
16aa990f-e083-4d65-852a-b15a65ecd5d5,Will.,Hard Rock,Slovenia,1999
3f0dd429-2634-4a8e-89a7-7063ae3c208b,Many.,Electronic,Finland,1984
0019e0ff-6ea3-41ac-8934-79d375a81d6a,Rarely.,Reggae,Bulgaria,1944
334c5946-4de3-4370-9a27-39a29f8d26d2,Nevertheless.,Soul,Australia,2020
5bc65991-6fa0-4d8d-93b2-a5e687d9d287,Intensely.,Classical,Serbia,1973
17c18028-cdf6-4086-be06-10c6bda5945e,Why.,Metal,Poland,2006
08dea2ab-7d0c-4ff3-9dc4-107c4b76e645,Whom.,Rock,Israel,1963
41704852-bc0e-40d1-b82c-8afb02cc8eec,Patience.,Crossover,United Arab Emirates,1971
9fd11926-7a2e-4c25-9576-59d703e20f62,These.,Dubstep,Croatia,1947
a547fb47-30eb-4520-9af5-aa2954465493,Most.,Funk,New Zealand,2000
b3fae897-7e3f-4d46-b2fd-4c133f4336d4,Scarcely.,Traditional,Germany,1998
782dbaa4-a802-414a-9c27-6466781adfd4,Many.,Alternative Hip-hop,Philippines,1938
8f5fa4a6-3628-494d-b035-f169c9084475,Crew.,Hard Rock,France,1987
d075450d-65db-4e7c-8fe2-dc8df64ff454,As.,Dance,USA,2007
e99e389d-2ce5-4d43-aba9-b72a53589652,Its.,Ambient,Vietnam,2017
2e5909df-3f0e-458f-afb2-500ea9150e43,At.,Alternative Hip-hop,Czech Republic,1975
aedd1583-75f2-476a-a653-6e6cd1565a95,Fashion.,Funk,Australia,1948
9596893d-1325-4492-b2c7-d9b2ee2bf45b,Pounce.,Traditional,China,1945
c01424b4-6111-4174-af62-28c12e88b7db,Part.,Punk,Russia,1969
19a90dcc-82ba-420d-b761-5cb4932bbe08,Busy.,Jazz,Croatia,1929
c590da83-989a-4c7a-b554-9629e7124f40,Whatever.,Blues,Austria,1985
287d0da2-aed0-4dcd-b565-c6783b4748d4,Without.,New Age,Switzerland,1991
f4264715-ade0-4f5c-ace4-7787529b34e6,On.,Alternative,Hungary,1934
2b10d13b-ce5c-4eb7-91c7-d4c5f1041a74,Fashion.,Indie,Ireland,1944
a652fbce-5c30-4d9e-81ff-1aa928b2e42f,Its.,Rap,South Korea,1983
09eafc38-053d-454b-bed7-bdcd3f703ab2,Our.,Chamber,Finland,1932
b7a7dd63-c950-438e-9743-8c3ef31a8e96,Last.,Trance,Sweden,1975
346e722e-4418-4594-8214-fc765cc98a74,As.,Reggae,USA,1942
8689421c-22f8-40cb-8411-eedd97255893,Does.,Traditional,Canada,2021
8fc1f364-2f87-40a6-84e1-9a4a0a6d3285,Of.,Rap,Italy,1980
12262b81-fca7-48ab-8aa7-ccfb7a26c28a,Without.,Hardcore,China,1949
ee9ff041-e7b1-462f-ae2f-b2831985b897,Throughout.,Hip-hop,Turkey,2009
1fa5d601-ef03-4002-a941-8a85c650e868,To.,Country,Greece,1922
03da0988-0f53-459f-a97d-8f043e7ec659,Already.,Synth-pop,Colombia,1920
809d4df2-5277-4a10-83e0-25b2c230be83,Group.,Musical Theatre,Ireland,1944
db6f1c67-488b-4fc3-be32-44849646438f,Shake.,Traditional,Israel,1980
41fd9acc-e78d-4f99-ae4e-84d843f03b89,Quarterly.,Country,Vietnam,2006
70bd10cf-32b7-4632-9d1a-7003347db68e,Place.,Indie,Netherlands,1964
cd50449a-6334-409f-a573-ee23b30d444c,Alas.,Traditional,Malaysia,1950
2ff69311-14b3-41bd-8fff-d27c3767edd7,Your.,Synth-pop,Australia,1999
cd44f24b-3298-430b-99b7-695d35236bd3,Constantly.,Alternative Hip-hop,Germany,2020
27d8e160-5a2b-46c1-bc6b-b5a3226f0582,Ours.,Hard Rock,Israel,1973
c3743a6c-ba83-4729-a77b-e0f17a003faf,Where.,Dance,Serbia,1939
7ca34b42-b29b-4faf-b83c-92330ef7d4f2,Holiday.,Progressive,Netherlands,1995
12794820-fd0c-4123-8a74-ab68409099ce,Last.,Pop,Argentina,1944
017bea2f-0e05-4fe2-b50a-2a8e36d9c348,Yourself.,Crossover,Russia,1960
99088aa5-2259-4e97-98a0-a427b86be4b2,Burkinese.,Electronic,France,1984
ebd9b42f-8009-44a7-b452-b1cef9325ea1,Youth.,Gothic,New Zealand,1971
9113ef7d-50aa-4592-af9a-1a8e7419d8c8,Tonight.,Dance,Chile,2019
a6097dcb-c4f4-4d44-8bd6-0ed00b579a12,Equally.,Chamber,Japan,2001
bb2241aa-344b-4686-ac1a-8908df493fab,Out.,Electronic,Canada,1958
f03e5130-28ac-41a0-a61a-c7742eaa9126,Embarrass.,New Age,South Korea,1977
ca8934c0-1911-45c6-8d99-a05453c237ed,Gang.,Rock,Netherlands,1953
080fd8df-0d12-4439-b490-5c3218a3ee70,Of.,Electronic,Sweden,2013
d41da685-03ca-4c28-8bc0-773b470c93ae,Quarterly.,Acoustic,Malaysia,1942
200bea3d-dcbf-413b-85de-4cc510f0a1f1,Muscovite.,Traditional,Spain,1922
8fccb69f-406b-40fb-ad6d-c5440bd9f574,Country.,Dubstep,Israel,1985
1284b365-52de-4563-be1c-57cb6904e5d8,Flour.,Jazz,Belgium,1996
f1ed8e5e-3e66-4d9b-b756-37e1a6c63f85,How.,Musical Theatre,Saudi Arabia,1978
c929a985-5207-485e-8c76-e242314b5bad,Anybody.,Soul,Romania,1940
e0835997-6898-4047-9718-853ec7b41151,Hilarious.,Celtic,Norway,1994
faed3f08-7508-4016-ab7f-fa93d5221846,Troop.,Rap,Slovenia,1972
68a915fc-0a79-44eb-b72c-cdd10e79d1a0,Whose.,Jazz,Chile,1957
c7e24287-f703-4775-9035-36d92534c215,Indeed.,Progressive,Saudi Arabia,2012
ab3f6a26-5607-4f31-9739-828360afb3cc,Who.,Dance,Ukraine,1985
a9964ee4-acdd-4b99-8f7c-8958f8a1aa00,Consequently.,Classical,Argentina,1932
0e08355d-abeb-4d52-855f-df82e5438ad4,Comfort.,Indie,Slovenia,2002
3f38ceed-d810-4944-9837-39a4857a4f11,Lead.,Progressive,Turkey,1967
a962d371-2a12-46d8-a577-8ab645723a5f,Muster.,Dubstep,Norway,2008
9943c87d-6b7d-4b34-ba30-d7f78e1808b5,Why.,Musical Theatre,Australia,2013
f9b4ff82-8e09-4e70-acfe-ff9733b51cfd,Host.,Hard Rock,Greece,1986
33733fba-2af8-42ce-a6c4-785c760ba922,Which.,Country,Argentina,2020
e437c31c-abff-4bd5-87fb-870d528f1f3d,Can.,Musical Theatre,Austria,1998
6b998025-f151-47db-acfb-98ea5102ade4,Mustering.,Folk,Switzerland,1929
31f0ce3e-28ad-42f1-b6ef-8592ecaa092b,Metal.,Rock,South Korea,1952
38f064b2-e36d-4776-8ac0-0869dd97ba1e,Jacket.,Synth-pop,Greece,1972
1a7c3837-6eb5-4da0-86c2-396a674caae4,Irritation.,Disco,Norway,1921
aee63c64-87ce-4e07-8307-cb6298605134,We.,Hard Rock,France,1952
54d00b8d-9c18-499a-81f5-d76a95d206d2,I.,Ambient,Turkey,1935
e101c686-40f6-4214-97d2-9037dc1dbb08,Peruvian.,Celtic,Japan,1944
c38d5966-aa3f-4611-9061-b39a62c9a836,Time.,Folk,Singapore,1968
3b9caf20-03d2-4ae0-98e1-6ec0a9af2a1c,Hiccup.,Alternative Hip-hop,Turkey,1973
e6ab0b70-f9ab-4751-8233-9df6a28a9cce,Yours.,Reggae,Slovenia,2020
7f06c6af-bb03-46e4-8923-89b037da04dc,Ourselves.,Hardcore,Mexico,2015
564547e5-d8a9-4ffa-b72d-c1174af23993,But.,Musical Theatre,Canada,1970
6353d7b2-d27f-48e6-b64f-868cc6418362,Badly.,Progressive,Chile,1944
e2f622fd-9351-43e9-9ab3-2c4ebc97a95c,Over.,Country,Malaysia,1941
e76987e8-0d23-40e7-81d8-b027c87c2f35,Late.,Dance,Serbia,1954
ea419f26-cedb-4cb3-ac28-975644c8f153,His.,Lounge,Canada,1975
28c27f66-924d-4805-94dc-4471e2ec4f1d,Mine.,Alternative,Italy,1964
da883fe6-97f8-4a24-bf4d-92100d58a66c,His.,Hard Rock,Ireland,1992
829829eb-e0aa-4fc7-9f92-cf9d39cdac6e,Pause.,Blues,Germany,1943
f5694c26-39f1-4b3a-a23e-405db70f6642,As.,Crossover,Bulgaria,1940
0fe921b4-388e-4d94-86bc-6e8af009ce0c,Housework.,Jazz,Spain,1955
24e9f5a7-9af8-4718-86fb-5ce15c513e6a,Last.,Techno,South Korea,2019
b383c382-7d2f-4d85-843e-811bffd18b52,Annually.,Trance,Thailand,1988
82c18018-3f49-47d1-b2fd-0db204ac4935,Sri-Lankan.,Techno,Vietnam,1964
27eb7041-a2db-42ff-bca2-897ba2617335,Somebody.,World,Poland,1989
6475244a-5e05-47d6-9c2b-9c02ca672b1a,Lie.,Classical,Romania,1972
43d56408-5ae6-43ed-ab0b-6e2fefcc3d44,Within.,Electronic,Mexico,1994
a3f2a810-cbd3-402d-946e-8935907bedb1,Yesterday.,Funk,Israel,1922
b31cf25c-312a-47bb-a1d2-1ce6113ed32d,Me.,Folk,India,1980
3ac30b6a-4238-4199-94e2-c2927596ec21,Heart.,Hip-hop,Canada,1980
c20f3981-eab5-4c3d-aed2-6242d6abab80,Bismarckian.,Soul,Thailand,1969
7a3ccc97-4deb-437b-8a39-5aa468c614d6,Sister.,Classical,India,1946
5b8dc32d-496d-4383-9d6f-74cf8607610b,Am.,Disco,Spain,1966
7a400554-a0c2-449a-9b13-2ef8748fdf4d,Yours.,Latin,Poland,2022
5333a688-d849-4dcb-855c-3eeba2a40019,Indonesian.,Hard Rock,Australia,1978
44837433-cc4f-4977-a07f-03f51c502174,Raise.,Folk,Ireland,1964
1edb4f04-e82d-4564-b906-939fa147e521,Fierce.,Techno,Philippines,2018
97ac1e53-8c6f-49c7-8162-c39f200a2e39,When.,Country,Slovakia,1930
598e8150-0229-4b2e-8d43-616dafbeecd7,Are.,Techno,Thailand,1950
61851791-3be6-4633-9c04-a82ad6ade7be,Several.,Celtic,Russia,1928
7830d7d4-941a-4f21-a7f0-6b0e32a20383,Annually.,Crossover,Turkey,1963
bad5656a-29f3-46ef-a584-0f611d58982a,His.,Techno,Netherlands,1990
fd9ef834-4b1d-4025-8ebd-cdf3ee3cc94c,Who.,Punk,Japan,1988
692c4a2e-cfa8-4d92-88c5-b1feb07d2fed,This.,Blues,Slovakia,1975
96ad5276-9fc0-4610-b31e-83046204a78e,Fierce.,Hard Rock,Switzerland,1974
92b5c959-f8bb-4394-8eea-0e48d753c706,Way.,Electronic,Greece,1963
36f9d2b9-6be9-4312-994f-3702bbe8e818,Another.,Traditional,Czech Republic,1993
2a33a237-7c55-4811-87b1-b8c653016cda,Year.,Pop,United Kingdom,1926
f6ccf766-66ff-480f-a05d-785794633f41,Break.,World,Poland,1942
10cbb6c5-8fc4-43f5-866f-4c78da5de487,Which.,Psychedelic Rock,China,1997
b78ba6b4-aace-461a-aead-89e3b2e0eb24,Be.,Acoustic,Japan,1984
76451319-091c-4c42-8844-5cb528a61397,Joy.,Punk,Singapore,2014
d8e7b834-0d89-4cf8-acc2-b0a039651842,Thing.,Trance,Philippines,1975
53fbafb1-6fa1-4fb3-b80b-3efe552a705c,Yearly.,Indie,Ukraine,2013
2019aa75-61c3-446b-b7cc-cbab95b78632,Even.,Celtic,Colombia,1942
600686ef-0893-4847-99d0-82bb375325e8,Still.,Celtic,Australia,1929
98f6d283-08e8-424f-95ea-aa78fe4b8200,Bismarckian.,Crossover,Saudi Arabia,1983
3fb309d1-0931-4844-96bc-877c2aa3c621,Both.,Punk,Slovakia,1986
8ed6e1a0-4d1a-4e5f-b463-1e4685c0c4f5,Soon.,Hardcore,South Korea,1939
daae46f5-e8c6-47a3-a6e9-f33841ff6368,Metal.,Jazz,Russia,1938
ca8283ca-ed1f-4d49-adef-d9c348ceef1b,Secondly.,Celtic,United Arab Emirates,2016
42b041b5-7082-4fb4-ab11-47af0a38b2e5,Time.,Electronic,Spain,1991
6897db7a-f19a-4c6f-aff7-a8a147443d17,Have.,Lounge,Mexico,2011
3eedcea1-c75a-4310-aec0-10e7b9c49254,But.,Ambient,Thailand,1965
f6b4360c-fc5b-4660-9403-564134ce2b70,Uninterested.,Hard Rock,Denmark,1949
59ff1329-4737-4dff-b583-e2b741100a13,Those.,Hardcore,Ireland,1982
f5cbf52b-eee0-4aa5-95a1-59d6bd708378,Class.,Trance,Austria,1969
e85436c3-dd32-44cb-b12b-843c27ff3c24,Tomorrow.,Electronic,Finland,2019
c0e08f9b-d703-465a-8dcf-1b704685f5f6,Most.,Latin,Chile,1920
1a0dd391-006e-4fca-badf-746660111e18,Lots.,Pop,Hungary,1971
8a8ecabb-6779-4315-aa22-aff73a94ebed,Cleverness.,Soul,Malaysia,2005
090092a4-fc1b-4098-9564-fe6411f58059,Herself.,Psychedelic Rock,Belgium,1953
8e0a5951-a83e-4db3-bcfe-8d4a06dcf7c8,Idea.,Musical Theatre,Romania,1973
42001a6c-9837-48e9-a354-3e24c08fe96a,Switch.,Blues,Ukraine,1923
9abfa6d1-9173-4440-a6ff-1a821eb25300,Us.,Disco,Spain,1962
5f21a230-18b5-42bb-b189-83206222549e,Them.,Trance,Austria,2012
298781be-d2ea-490f-a4d9-1e8991d17cdb,Tomorrow.,World,Ireland,2005
a3c7d01b-e865-4628-9603-9d1d254d990a,Chest.,Blues,Singapore,1926
b3b9b84c-b36b-4c23-94d8-a9adb7b5b3f6,Accordingly.,Electronic,India,1923
0c3d9f0e-45ce-4af5-ac3a-50418655df66,Sew.,Jazz,Vietnam,1940
0fdb769c-c025-4654-91fd-306faa9de23a,Beyond.,Metal,Ireland,1951
d1cb39c4-52f8-4c81-9c3a-7fc4ddb963a1,Puzzle.,Pop,Israel,2016
43588d5c-8b09-4da1-814b-e7547bbc8355,Never.,Alternative,Thailand,1941
4d1d07ff-d8fd-4c68-9e0a-f2657f3ab4f2,Quiver.,Hardcore,Switzerland,2012
ab9382ac-b4f4-492d-bee7-ea8eadd3c76d,Forgive.,R&B,Saudi Arabia,1986
78c3c6b1-9ea9-4544-ae2f-ddfae57e927e,What.,Dance,Norway,1980
c8c82921-de4e-456f-848a-6091199b3de0,Cloud.,Folk,United Kingdom,2014
ed32d483-4a36-4f4e-afd7-67a7220b76d7,Them.,Metal,Chile,1928
8bb4c6ab-0561-47a2-8089-23d5abd4b6c7,Embarrass.,Lounge,South Africa,1941
bb9b69cc-c224-42eb-9308-9f62f4d42de0,All.,Trance,Finland,1953
987157c1-9147-411d-90b6-5f93739ca53c,Murder.,Hardcore,Portugal,1949
2a0af14c-b397-4626-848d-2f0a659b2a5d,Upon.,Blues,Belgium,1962
cfb994c5-b905-47ba-ba09-8e944edf38ee,Double.,Dance,China,1993
e5495b3f-db97-481e-8935-e749f6082f18,Your.,Disco,Croatia,1949
964f6332-9b01-4620-8e4b-b52fb8976ab2,Posse.,Rap,Mexico,1933
ee9c94d3-d352-41a7-b829-fc3e2a72cd6f,Whereas.,Rock,Poland,1921
f6f375c0-020b-4342-9a5e-1d5cd3bbadf2,Alas.,Pop,India,2021
7217714b-081a-409c-8ef0-4ab847bd9d48,Then.,Traditional,Italy,1925
ae969380-ce9c-4dbb-9fbd-5a5fc9011b4e,Exaltation.,Latin,South Korea,1976
8d858178-4ca7-48de-b494-97c9a24c7b21,Should.,Crossover,Sweden,2017
b25edf33-9eab-405c-ac66-1e36bb7804a9,Theirs.,R&B,South Korea,1921
582b9b42-b155-454f-917c-5a5e39a7eea0,Me.,Pop,Philippines,2021
e07f53b4-0386-4554-9387-9e7e14367e9b,His.,R&B,Saudi Arabia,1971
b4333179-fa5b-4815-ae58-a059c6c39bde,Flock.,Punk,Saudi Arabia,1972
a5717b5b-33ca-4eed-a900-f891ebe8dfa6,All.,Lounge,France,1957
0ceac23d-302a-4532-a526-e399b603e546,All.,Punk,Finland,1998
e51aba19-50a4-4934-ad65-5509b0328bda,Next.,Electronic,Germany,1973
31956e05-df81-4835-878c-07973cabb334,Member.,Techno,Ireland,1922
45f5f195-1d1c-42b1-90ba-41149dcdfc79,To.,Funk,United Kingdom,1958
5d7f417a-96b3-43d1-97cd-8cab1127c729,First.,Musical Theatre,Bulgaria,2009
d4778a9b-add2-40db-b77f-e33c74d97148,Mysteriously.,Dubstep,Czech Republic,1990
dc37b0e4-f3bb-43f3-9681-ef08a9ad1af4,Here.,Acoustic,Netherlands,1957
4c922ae9-4d0d-40f8-a680-cd6541c73d09,These.,New Age,Germany,1980
8a64de63-afd8-4e17-88c1-b2c8674e72cc,End.,Techno,Mexico,1990
0b5a1873-3272-4339-9e3c-6d39703916e1,Nothing.,Crossover,Chile,1974
e39a1c24-1ac3-486c-8d6d-ba9a553863f0,Those.,Alternative Hip-hop,Ukraine,1930
373574ed-0e30-4d0d-a22c-7901b469fe9b,Because.,Hard Rock,Chile,1977
8eea1b5c-ef2c-4ac5-b671-50e0ef6951eb,Colorful.,Chamber,Philippines,1987
219e7f28-c059-4451-8e3a-77a1807618ea,Which.,Trance,Hungary,1947
cf3d42db-f701-4165-b28f-94756fb3824a,Mine.,Blues,Hungary,1946
ea0368cc-421a-4c5b-8e33-0807bb99f4ae,Shake.,Reggae,New Zealand,1961
c6ef9a5d-024f-476c-ad6f-be63eb415cdd,Then.,Funk,Czech Republic,2003
07a8ec9a-59b5-4c65-bef1-a6da8fe25939,Light.,Hip-hop,Mexico,1970
0bc51ef5-aef2-4920-b02e-7830523de18f,Who.,Ambient,Portugal,2017
84b00481-06b8-4da6-aa25-58598f0eda03,Lastly.,Celtic,Malaysia,1963
22172a60-bb4f-48ce-b718-9ce4adede78f,Most.,Reggae,Canada,2015
415140f6-6fde-4215-bfd4-5b11def3fb70,How.,Techno,Netherlands,2005
715a05fc-50b6-4169-a4f7-219bddbfa616,Stupidly.,Funk,Poland,1988
b32cff9a-5ccb-4142-9a59-9172e85bc431,Violin.,Country,Malaysia,1939
b734c912-d00d-4370-9498-46fbde8d6738,Then.,Jazz,Portugal,1968
358f1e23-b7d7-4685-98f7-18cb05b069f2,My.,Soul,United Arab Emirates,1988
010449c1-a6b7-448b-9f87-9f42042c0676,So.,Crossover,United Kingdom,1994
342fb568-584c-40b1-b7e8-fe00a8e2c20e,As.,Dubstep,France,1924
018eb6f7-3042-444f-92ad-c22222b74757,Eventually.,Lounge,Czech Republic,1994
20b01a67-862d-4c4e-8337-0986dcf63a63,Least.,Lounge,Sweden,1994
69523883-ab25-421c-b16e-b1aea8f03196,Already.,Country,India,1978
f4815d56-f730-471e-bdb3-24f6088ba6d5,Yourself.,Dance,Philippines,1997
42ee647f-3066-436f-be07-d6308e7af038,His.,R&B,Belgium,1938
ecdd9475-42e9-4c79-b9a5-6e25d695ab84,Are.,Hard Rock,Chile,2018
8482907b-7db0-48e8-aa10-14f473183b55,This.,Funk,Switzerland,1929
9eef5922-52db-45ba-9cb2-2ca67ac97d13,Someone.,Techno,China,1973
28314e47-37a3-4437-9db2-1afdb3e66f76,Being.,Punk,Malaysia,1925
53a9348b-cbcc-401f-b456-9b4680ce21c8,Of.,Jazz,Belgium,1948
c78de236-14fa-4236-a68b-658d29862744,Rightfully.,Traditional,Belgium,1964
68aecf1d-dbc2-4294-b31b-784d1f01ad71,Next.,Blues,Ireland,1975
9d36abce-6d24-4cd2-b42a-8c38952a890c,Open.,Folk,USA,2010
ad5bf6c8-884a-4964-b182-8c30ad53b046,About.,Progressive,Netherlands,2010
2ff702cd-104a-4484-95ed-5704644e91cc,Die.,Rap,Mexico,1990
4265b00a-d975-4c98-bedf-f54c6d756cdc,Everyone.,Pop,Denmark,1960
a9f738aa-7935-411c-a90f-62c479b670ed,Until.,Lounge,Belgium,2009
27c042e0-0651-4e0e-985c-5dbd9e55e1a4,Lead.,Techno,Hungary,1979
d50d5808-e226-4e31-8cdb-1f7df3b8f443,That.,Alternative Hip-hop,Finland,2009
7344eba7-d9a3-4927-937c-3a055f182352,Nevertheless.,New Age,Austria,2003
f724abcc-b38e-4f41-a86e-67b70dce9e47,Next.,Disco,South Korea,1940
77221f34-637a-4a23-b58f-aeb1dea8fb93,Fancy.,Electronic,Finland,1936
f4ee77d5-25e7-42cc-9801-1a7ec84461f8,Band.,Country,Serbia,2004
2aa803d8-1d14-43dd-825d-5760e3177bf6,Why.,World,Colombia,2002
f53711c3-e553-41e1-8203-f6f14896ab7c,Us.,Dubstep,New Zealand,1964
8af1f14e-495b-4c7b-9180-45f125f61fbd,Not.,Dance,Finland,2008
70a2f846-fc13-47a5-a08f-b07e75b11250,Offend.,Chamber,United Arab Emirates,1994
0fec00bd-f228-4c7f-a891-422243daa116,Whenever.,Punk,Ireland,1993
f8fcc9a1-f20f-47e3-8ef4-d7e7e762ff62,Bag.,Blues,Serbia,2012
30a7d2fb-ff15-471f-b7d7-7bf31be66735,In.,Ska,USA,1922
105300ef-bbb4-41b6-8825-41095e29385a,Bunch.,Psychedelic Rock,Spain,1987
1a0ea095-928c-4932-be9e-89eb4bac2b0f,My.,World,Germany,1960
773071bc-cfb8-48cf-b0ec-fddb22242169,Band.,Celtic,Slovakia,2018
fdc68db9-e946-4423-8ce6-86fc4568cd0c,Recently.,Hard Rock,France,1950
daf071d2-a195-4932-9bd1-a7ab143ca80e,Which.,Funk,South Africa,1979
a07812f0-bbd8-4557-8636-aa06ceb18c68,Grip.,World,Belgium,1950
05a72e98-6b74-4d3e-a83b-b1414c51dc2e,As.,Ambient,Philippines,1931
7a5a3684-89ac-49d7-b57c-7f9c4dbaa610,Ouch.,Dubstep,Philippines,1931
ebde1595-8670-4500-b216-95012ceba297,These.,Alternative Hip-hop,New Zealand,1975
bf10b551-9ada-4545-9c24-f13eb11e8a60,Nevertheless.,Funk,Chile,1922
aa7b21ef-8d1e-43ca-a218-b1baa833e2a4,Capture.,New Age,Slovakia,1940
e276a5ad-1fbd-416a-b9d2-84d589e6de9c,How.,Dubstep,Netherlands,1988
a9acc4b8-613b-4e09-b554-97e05e7d295b,Woman.,Ambient,Sweden,2003
df509696-a9e9-4504-bec9-f0077b5bdba1,Fortnightly.,Funk,China,1968
92796cb5-f356-4d32-86b1-92553184ddeb,Crew.,Ska,Turkey,1970
fb578343-7762-4e1e-aa15-ff07d9f87195,Band.,Country,Netherlands,1985
0eb74990-2130-490f-a688-21bf883c2a28,Muster.,Rap,Chile,1979
46c10e88-882a-408e-ab37-86bf43282a68,There.,Hard Rock,Germany,1991
ffe0dda9-75d8-4bfc-8a26-9912cff09eeb,Inside.,Latin,Belgium,1967
59fdd986-e2ce-433b-8665-424cdd7ca9aa,Knowledge.,Acoustic,Austria,1920
078ff408-f8fa-4e0b-9e51-d7c7d36ecd5b,Can.,Electronic,Slovenia,1931
291f2947-a038-4283-bb96-c07495a1c7bc,These.,Acoustic,Slovenia,1963
fa530105-8c92-4b1a-b1fa-a8cbeb095f83,Here.,World,China,1990
93544b56-611a-4d7e-a84f-b1b44335292f,So.,Traditional,Chile,1994
b10436a0-d003-4a19-b4d2-b474788b5dcf,She.,Hard Rock,Portugal,1961
a807b714-7059-4b13-af0e-dba8affc7322,Little.,Celtic,Romania,2014
38f23ac9-ba0a-41ec-ac28-324aafd0b150,Lake.,Traditional,Croatia,1973
6bebba88-3d80-46d0-8c79-2d5cc1385b17,Run.,Hardcore,Singapore,1932
c0a4ef24-79c2-4409-b9f4-617c59e13c88,I.,Techno,Austria,1978
2a98b270-f006-4541-98b8-4c63cca0b13d,Anyway.,Psychedelic Rock,Ukraine,1997
937bde4e-66f2-43dd-b4c4-91e1c83549cb,Inside.,Classical,India,1960
693c999b-c021-4815-bd38-7f680dd241cc,Reassure.,Crossover,Netherlands,1945
90bcd441-6aa3-4c34-9c28-5e29e2a99fbd,Since.,Lounge,Canada,1984
452fcaef-90ad-461e-8e5d-c953397f0110,Childhood.,Soul,Spain,1954
2cfa453f-c8df-4629-84ff-8217421ca2df,Paper.,Traditional,Canada,1976
aecf750d-a8e9-4ff9-ba5c-4a370154fb6e,Of.,Pop,Canada,1965
b1977bba-9363-4bac-8794-13b210eee45b,Away.,Indie,New Zealand,1937
dfc15017-f5f1-4fa9-ae5c-74818ec3c09b,Never.,Acoustic,United Kingdom,1999
72571985-8c06-408c-a4af-93396abd8290,Which.,Hard Rock,Greece,1937
620a2c07-bfed-4ecb-b24e-7a9708a7adf8,When.,Rap,Croatia,1922
9041442c-8393-4f18-b0f8-cdd3c155f6df,Weakly.,Ambient,Slovenia,1963
256cf884-5e12-4fef-8882-a9f1a26495f2,First.,Alternative,Switzerland,1934
e1f62979-a1b4-4477-be38-ed9da0b587c8,After.,Soul,Poland,1963
11d5c317-ad0e-4d84-8ce6-c9fd1c276e15,Since.,Dubstep,France,1995
1a892be2-9b42-462b-a07c-40c016847bd5,Theirs.,Ska,Bulgaria,1923
c4e77e52-24e2-4eec-8ab7-a7a8db39b280,When.,Chamber,Poland,1963
545a7768-67c2-432b-971b-e12b749635a9,Their.,Jazz,Colombia,1995
02185c8f-95e9-4d38-ad8d-27ece3f13fb8,Therefore.,Rap,France,1968
11cf5ec6-79dd-4ee5-9175-1912645f4add,Because.,Psychedelic Rock,Hungary,1957
e8ca00bb-3501-48bc-abc8-479d62c7ffec,Behind.,Latin,Portugal,2017
fa624323-c63d-498f-a3e4-f5417747aa0d,There.,Hard Rock,Croatia,1938
b88b4a00-bdaf-40df-9a4b-6d17dea858fe,Someone.,Ambient,Saudi Arabia,1960
bafb29c9-ec92-4e6f-b183-8418967cfb08,Fortnightly.,Ambient,India,2015
61a77e24-f599-4088-999f-56128e9831ac,In.,Gothic,USA,1992
4f3cc74c-d4de-4c0a-a207-6e12448ceb84,Why.,Ambient,Sweden,1949
616da2fb-d31d-4e50-acd2-1dbed6461ba0,Yours.,Electronic,Spain,2006
00ca7721-bbd3-42aa-9a04-14b7577bc122,Whichever.,Punk,USA,2024
e7409ed6-d9d3-4fa2-8312-2baf8d5e19a2,Frequently.,Jazz,Japan,1962
a3e1030c-3425-4741-a514-5f3a1bb12d35,My.,Rock,United Arab Emirates,1921
f65eff03-cc1f-4ac9-93f5-9e9d63611595,Cackle.,Progressive,Chile,1930
fe33ac93-04b0-4cc2-9e55-fd24c24067e9,First.,Psychedelic Rock,Croatia,1954
22c03821-c907-4901-901e-4eeb0fa46175,Their.,World,Austria,1999
c2fd081d-6691-4d9e-881e-26bdcf8949b2,Hence.,Celtic,Switzerland,1949
a082103f-004b-41c5-bf54-dcbcb3c31eff,Quarterly.,Latin,Turkey,1973
624c16a0-698f-425f-8afd-df33e2f16987,Repeatedly.,Psychedelic Rock,Argentina,1927
abe02f87-5082-4284-a42d-b4191241aba6,On.,New Age,Japan,1959
764a4255-7e03-403b-b1ec-50274f35c100,His.,Dance,Israel,2021
929add91-49df-487d-aae1-e01f5343882f,Up.,Musical Theatre,Colombia,1922
4faf5438-d16c-4f36-8456-a1b4a45417b4,For.,Indie,USA,2010
790599d5-de6a-475f-8a02-0aeb92d83cb5,Very.,Latin,South Africa,2022
9b1159e5-a38d-4b9c-a4d7-61c94f66b268,Your.,Dance,Philippines,1929
e39d3c4f-5e0d-48c4-8412-b1515d50c657,Scale.,Latin,India,1940
115a1d6a-236b-414d-8087-8998a061d1c5,Empty.,R&B,Saudi Arabia,1993
ceaa3781-bb02-467b-90c8-0d4fb2e83026,Ours.,Lounge,Netherlands,1985
5097fbe8-d2bc-4a16-860a-fd9481cdd976,This.,Gothic,South Africa,1977
05b40fb2-ee77-4fa3-9cb6-5777ded8e40b,Fiction.,Celtic,Bulgaria,1997
722d7ee1-8481-45ce-bb39-97b26d81234c,Whoever.,Celtic,Turkey,1927
c93cf001-81e2-4634-b463-2b05754dc3f4,Moreover.,Folk,Australia,1944
8d44e7ea-95c6-4b6c-a4a4-13a1251879b5,Cambodian.,Indie,Turkey,1977
030c6a8e-6739-45bb-8b23-fe6b9665ee22,There.,Acoustic,Argentina,1953
51be68f8-e88d-4368-a043-e642954f9e7e,Album.,Indie,Hungary,1959
cfdfdab1-08de-43af-96fe-e20076ff4ebf,Lawn.,Jazz,Mexico,1975
3f6d2d48-ffb1-43c7-a229-c8b24adb19af,Eye.,R&B,India,1996
9d680455-93a1-47ab-a88e-373779c6700a,It.,Electronic,Chile,1956
509fc283-a897-4d50-9be4-273b920ce915,Can.,Trance,Canada,1927
ecfeeeaf-5516-4246-946d-a43af672b0df,Chapter.,Alternative,Canada,1926
09cdc8af-89e6-4e5f-9ba3-aa637dfb3eaa,Somebody.,Jazz,United Kingdom,1974
86123987-f973-4656-966e-158d8b9919a8,Additionally.,Punk,Canada,1941
ef2a005c-3a25-43a6-92fa-1ea5f1d6ab1d,You.,Traditional,Canada,1991
de0858db-6c91-4438-a714-43cead9cadca,For.,Psychedelic Rock,India,2015
1087d73b-b1bb-4063-a015-55fa2622e680,Pod.,Punk,Austria,1962
81c2bb1a-9456-44e5-a774-bed0d1be8ea8,Orchard.,Traditional,Bulgaria,2004
c43bb5e5-dfe2-4ad0-89e5-fd51b2c6b1ae,Alligator.,Hardcore,Canada,1927
63961fab-b8ca-4cd7-b18b-1b7204b4f701,Finally.,Trance,Finland,2018
6829c1a5-ad41-445d-89b6-8c5d675bef49,Generously.,Chamber,Malaysia,1925
8929dc90-e8b8-4366-ab1c-0cc8f04ad2e6,This.,Trance,Saudi Arabia,1921
469310e8-ecac-4848-8887-aa22b12c5832,Cook.,Country,Ireland,2004
33f26a31-5fea-4d56-a540-4fcff12a9981,With.,Latin,USA,2012
903b38d6-dfb2-42f0-af0c-79b33de60d0d,That.,Trance,Spain,1950
c18005c8-261b-4f05-8b7d-5882b25de96a,Oops.,Celtic,Finland,1959
b173f960-73cc-43e1-b0d9-1ef82d58cafe,Troupe.,Techno,Netherlands,2007
ab84fa46-b1f0-4db5-a100-4649d846eac9,Sometimes.,Indie,Portugal,1948
34666a22-ae0a-4d21-8084-7e21cac4ee65,Secondly.,Progressive,Philippines,2000
e1538411-9cd3-4b04-9bc8-6e517bb261b9,For.,Psychedelic Rock,India,2022
843d1365-8d23-48f0-ba6f-80027aa0618a,That.,Techno,USA,1920
aad3f582-c6bf-478a-8f9b-dd4452b1116a,Crew.,Traditional,Ukraine,1975
8f92c01a-23ea-4d11-b24b-7a658578d0dc,Wildlife.,Classical,Ukraine,1928
34e04fdd-c9f2-407f-8f4c-9712aaad6bd7,Another.,Jazz,India,2000
f0fdeaea-577c-42a5-bb40-aeddef23088b,Trip.,Disco,USA,2003
89128eac-d683-4b40-8b7b-190d194a64d1,Fade.,Alternative,Japan,1997
e3a90111-3e1d-4ceb-b5d4-c8b9773864a9,Usually.,Disco,Saudi Arabia,1940
3aaeb500-bc7b-4ed5-ab07-ec382a3e5ada,The.,Hip-hop,Croatia,1930
5cbb6bcd-c2e2-42cc-a3a7-1a6dd2e345bd,Aha.,Disco,Italy,1920
0e533cbc-c0bd-4b35-b9b9-16fc98fb0fb8,Infrequently.,Indie,Slovenia,1947
bef3b928-3068-41c3-9fa9-bc9168dafa78,Its.,Alternative,France,2008
c8cb921d-d058-4937-8f87-dec7ad78ec96,Hers.,Ska,United Arab Emirates,1976
fe805cdd-6fe2-470d-b972-51dc88f57f08,Close.,New Age,Colombia,1940
fb4dde28-0e49-4dee-8442-1aa5c9f3f6a1,Frequently.,Techno,United Arab Emirates,1992
06c84e29-3e44-4b80-8f28-3e6bf28f04e4,As.,Musical Theatre,Ireland,1940
1ba6e259-818a-4d3c-9584-9adb358b6da2,Where.,Ambient,South Africa,1997
22ca17f1-7f10-4b2f-8041-d9de9903674c,In.,Classical,Netherlands,1982
49b063e8-1740-41fa-9394-d15869fc404c,Your.,Classical,Czech Republic,1936
9e5bb9d4-e03b-4b59-baa0-d6d77e3e209c,Were.,Country,Israel,1992
121ef61c-aced-4c53-a1e3-3cf37e8cfecf,Bouquet.,Techno,Colombia,2013
41ce1d71-c3cf-4255-863b-06edf65bd5be,Pack.,Musical Theatre,Italy,1957
619654b1-d3a2-4ed7-b48b-e07685cb79e0,None.,New Age,Croatia,1955
544f6949-6cc7-4079-9e53-81df61c1622b,Today.,Punk,New Zealand,1985
ee04e5ae-77e3-4a17-a536-762eaf6f6567,Now.,Rap,Singapore,2010
8a3de587-d2ec-4ae8-b698-f77bcd917fc5,Over.,Classical,Vietnam,1939
19880952-93ae-4dce-91f3-5afda54c5f27,Anything.,Indie,South Korea,1986
a98fed72-e1d6-478c-8f21-bb685bcd61cc,His.,Hip-hop,Ireland,1954
db48a0e5-21d8-4863-9f2b-776d73bae9af,Including.,Techno,Italy,1965
6d2b6b79-0e9d-4426-b9e5-a3308c96835c,Point.,Ambient,India,1926
9f901b05-a3b3-4fda-b126-a005c82aa910,Been.,Blues,South Africa,1981
2bbe95e2-c39a-4fb1-a6bc-3fc871d048a3,Because.,Folk,Belgium,2002
93f3bf5c-e0e5-48d4-a6fb-aa5c06df52f7,Yay.,Musical Theatre,Spain,2018
df32ee36-4671-4388-8fbd-1b9edc0194f9,Sleepy.,Hardcore,Slovakia,2024
2291283d-57dc-4394-87fe-1c3188337727,Ours.,Hardcore,Mexico,2019
579f3122-dbd2-4b69-8f65-aecb8f30f5e1,Hastily.,Traditional,Denmark,1963
84480504-62af-4f94-854d-b16ad51f2cb7,Raise.,Funk,Chile,1943
80541d7b-fef0-4f77-8615-4b5915daf2d7,Stealthily.,New Age,Spain,1921
90eaf1d2-43c0-4029-8ef1-c67f661fdf20,Otherwise.,Punk,South Korea,1948
c76eecd5-a572-460e-a9ff-211f81aa04e8,This.,Classical,Australia,1947
ba3ca124-656f-4fef-b785-5d05380ae4c5,Do.,Blues,USA,1965
45253572-d248-45d7-af11-a4ee1b06bb3e,Then.,Traditional,Netherlands,1944
c25c1320-3bad-405e-bbb6-6ec5730a2e62,Example.,Trance,Ireland,1986
39ba929f-8798-4d9a-b0f7-f931abbd1885,Outcome.,Techno,Vietnam,1994
3025c689-453e-45c4-bcbd-6e01b2d81ba9,Quite.,Reggae,Spain,1928
d06cba1b-f0ab-48ea-bf5a-3f83b94667d3,Trust.,Hardcore,Germany,1921
ed2b21ea-3424-43ed-9c5e-1ea84ef0bf42,Sometimes.,Hard Rock,Saudi Arabia,1960
937ced01-a3c8-4104-aa57-ae5c3cf57887,Fine.,Metal,Netherlands,1985
7115b318-d6b5-4c94-a4e1-19fee4b854b2,Love.,Soul,Colombia,1938
594dd213-7b86-4afa-8812-4a722221f53f,Great.,World,Spain,2023
39970c38-98bc-46a0-9630-ff302984a4e2,Yay.,Soul,Switzerland,1963
48dcb1e3-f605-4bff-8af8-4052f086cbae,Either.,Rock,Germany,1977
ddf55843-5c52-435a-82ba-3069c5159e7e,Troop.,Dubstep,Bulgaria,1957
78a2b12f-926e-4749-aa00-81a174b7e8be,Oops.,World,Argentina,1971
cf9a2c6c-0aa8-4fad-b4b4-6ad2b5fa7fdf,Do.,Crossover,Serbia,1942
d78daf7a-a42a-4bd7-b249-6ab35ff5cb4d,Line.,Techno,Romania,1948
4e174bdd-62c1-45e6-b401-23214d6fc9a3,How.,Country,Croatia,2022
bae07ade-6387-452e-932f-c85421bf02a0,Herself.,Ska,Vietnam,1929
24ee6f9d-e483-472f-abc2-ad76bdc14f62,Now.,Traditional,Slovakia,2008
bc985efa-a138-4ee3-845e-cfdc86daba0a,Daily.,Lounge,France,1974
08afdf20-b03b-447d-9a2a-3b2315131791,That.,Indie,Norway,1929
c3f77150-9587-44b3-a99b-baf26e51aa50,Brother.,Rap,Finland,1982
249c2ac9-a56b-4985-9077-0c7a69773003,Everybody.,Punk,Russia,1999
78bec59f-d031-4762-95d0-9cbc1021e6c5,Am.,Acoustic,Argentina,1969
74af3709-5c3b-43e1-8439-9633619dcab9,Above.,Classical,Greece,1952
679e3a3a-6a37-437c-8c53-54a7feb208c5,Who.,Punk,France,1925
379e7d38-f695-485e-af2f-8eae29d23ea2,Bright.,Traditional,Finland,2022
4ee11643-a23f-449a-9590-1fc453a8dd61,Him.,New Age,Italy,1946
8f7d8c50-8f1f-4878-8f86-9f86847507ce,Ream.,Dubstep,Saudi Arabia,1946
4fc90a1b-bca3-4417-b23f-6073f918784a,It.,Rock,China,2005
def0d980-e84a-454d-99f4-cbba1496800d,Who.,Disco,Bulgaria,1952
a7b760c0-d802-4a13-a3d7-de7304629af1,Does.,Metal,Chile,1990
bb1f2203-6797-4cac-8f56-58a30fdc49ee,With.,Ambient,Switzerland,2017
063b41e2-c8f2-4cbd-9948-9444daf166f7,Behind.,Gothic,Canada,1987
420c5c4b-c68f-4808-bf0c-5845d6cd8f66,Anyway.,Progressive,Switzerland,1949
3801533c-736a-4bd7-a33b-c3fe01d64aea,Words.,Soul,Romania,1972
2cdb82bb-d773-43b9-be31-c86447059a1e,She.,Musical Theatre,Netherlands,1969
5febc8b0-e110-480d-80f0-6e9327ff2df9,Time.,Funk,Colombia,1971
71f66d8c-ed25-4455-b9db-6124afab6bb3,Which.,Classical,Japan,1948
78409575-951f-4bc5-9d22-a1549bac88f1,Whom.,Rap,Hungary,1990
6bd17538-b258-4c79-8de5-f8a7fddaa8b0,Finally.,Hard Rock,Germany,1972
f51fbe95-76f9-47f2-9843-8e5e5a3c3ce7,Simply.,Disco,Austria,2010
9cb6f05b-33d2-4258-ae58-284bc07f89c1,Week.,Country,New Zealand,2010
5281f87f-469c-4fdf-839d-76ac8bd2e3b2,Inside.,World,Thailand,1990
ce50fd5d-8b54-4095-86d0-d6376927aab9,Single.,Lounge,Bulgaria,1993
c6f6478d-35e2-45f9-b0fc-ec1363ec1a3d,Herself.,Latin,Netherlands,1991
291ca3f4-7b09-429c-bf2b-26a5b6e26851,Book.,Soul,Turkey,1928
3ef95144-5753-4764-9f1e-68cb74d9f3ba,Since.,Techno,Vietnam,1988
8739bc7b-49ef-4216-a298-2a9507ddf716,It.,Ambient,Austria,1920
a8251d1a-d296-4252-b673-408d08ae19b6,Down.,Alternative,Ukraine,2003
02d3f3fe-8d34-4160-ba9b-7e1a880bad0e,This.,Alternative,Japan,2016
931f38d8-4240-465b-8ac0-bc9cb2ee195e,So.,World,Ireland,2010
5b513839-1080-4f0a-a23b-a2e4528bfeb6,It.,Chamber,Poland,2023
5b2519fd-87a3-4616-8372-d519b185d086,Sleep.,Ambient,Malaysia,1922
733e3202-6241-457d-8d12-683e292458d0,Ours.,Soul,Russia,1962
88041f3d-b850-402c-87c4-c20f1f62aee8,Remain.,Celtic,Finland,1994
c913efa5-5a06-4672-97d7-a913434b328a,They.,Rock,Slovakia,1944
c4d69934-00d7-4594-9eab-2f506e0acf1a,Smell.,Synth-pop,Finland,1939
e31259a5-f7d0-4edc-93d9-c5283e6bc522,His.,Techno,Sweden,1960
72a0fea8-1f14-48ad-b6e6-1ec745ccfae0,Think.,Lounge,Italy,2017
8cd567c4-09cd-4503-9d60-5b607bda1f09,Problem.,Crossover,Italy,1978
0a9a061a-4a46-4e07-83b8-cbd09eb9e1c1,Army.,Musical Theatre,Japan,1935
478d945d-0b51-4ff7-b760-c32a068c0233,Whichever.,Traditional,Austria,2016
14b2e7ba-0415-4113-8dce-cb57cd05c5a5,Kyrgyz.,Rap,Spain,1945
05d908c6-d11d-48c1-8d92-ee1a111899c2,Many.,Traditional,Vietnam,1971
7d770908-f7bb-4875-a3de-c83234421130,How.,Trance,India,1961
357c66dd-4eb0-4cac-a404-08c6d55ecfb4,Management.,Hip-hop,Serbia,2013
04941dfb-0d5b-4c9a-b5f4-e8c3d371259c,Than.,Rock,Malaysia,1927
66f62a6e-f561-4876-bf59-860e22482dc0,Relieved.,Hip-hop,Thailand,2003
9c2c5d61-2f48-4239-a157-9da2c4beee3e,What.,New Age,Thailand,1925
d915e58f-1efe-4b8e-bff3-c39fe4dd3f88,Lebanese.,Rap,Hungary,1954
9c3dd9e5-a00e-4656-bb0e-19d55d7a59c6,Across.,Ambient,Czech Republic,1959
ebe49d70-dd88-451e-8bf0-8298f0373fc8,It.,World,Finland,1979
57564b15-8e70-471c-a02e-d698fddf6a53,Clump.,Dance,Singapore,2002
9e5d1849-a4b6-4d03-a002-76082c578049,Have.,Hip-hop,New Zealand,1988
ba4767eb-c560-4285-8e63-10cabfbcc16f,Everybody.,Techno,Finland,2010
cd622641-f0f2-4d45-868e-3b2c6a1075cd,Nightly.,Crossover,Ireland,2019
f1cd056e-f2d2-4968-9d45-cb37c8b822d4,Acknowledge.,Trance,Singapore,1934
c55c92e2-d3ea-4959-bc79-d0d060b06ca6,Whoa.,Country,Czech Republic,2021
998b6438-ae86-4688-a4b9-6914e2d8de89,Boat.,Reggae,New Zealand,1945
8628e471-ce54-49f5-b234-db9b4fee5d6e,That.,Rock,Spain,1957
3693c29f-9333-496b-af99-132a1a72df7e,Kuban.,Gothic,Sweden,2022
38564abd-3b49-4e77-8b1a-179800ba4350,Hug.,Reggae,Italy,2004
9e4ec41f-3fc3-4cc2-a6b3-b5645e1b51fe,Out.,Electronic,Ukraine,2018
d6a657ae-2b25-4824-bd5b-a6d004df284e,Afghan.,Synth-pop,Mexico,1944
3b2c9d17-f6ec-4786-87ef-b42dc3b72094,Theirs.,Blues,Chile,1965
08efa2e7-c05b-4aac-9e40-ea80d6b8e16c,Out.,Acoustic,Sweden,1952
487f35a0-b5b4-4a1e-b4fd-00c2c73b81df,Packet.,Funk,Chile,1976
49eb4f27-4528-4df6-a7a7-03fc649421e5,It.,Lounge,Canada,1978
c1d11bb3-a09d-4ed4-b4ba-bea7d2193832,Alternatively.,Folk,Russia,1934
529810d3-68a1-444d-b3ae-66591cfccdfe,Jump.,Rap,South Africa,1943
584df9f3-b98d-4bb3-b6e2-458d04ab5d14,Consequently.,Chamber,Portugal,1937
471e433d-e84b-4208-a216-dd5f4b23743d,Gift.,Pop,Serbia,2013
61031ce1-21f8-4f08-9948-7c933d925271,Machiavellian.,Progressive,Czech Republic,1975
07ccf1f8-40d9-4b4d-8295-a1f9b8f2d087,Their.,Acoustic,USA,1945
bfd9c4a5-a8a7-4291-9aba-1abeba016443,Steak.,Pop,Australia,1947
32f4c509-ee85-48b0-9b58-5819299c3c67,That.,Hardcore,Thailand,1953
4e90ea6a-1639-4509-b46e-9c2178b98ee0,The.,Alternative,France,1928
a6a78799-9ff5-48d6-a3a9-2b59a67f7171,Always.,Jazz,Israel,2013
be5c4a4d-9f9c-47c8-a626-b49d43411375,Usually.,Trance,Mexico,1981
4ee50165-0767-47d8-8228-4fe2c768e49d,On.,Alternative Hip-hop,Norway,1989
3726fd4b-2ee7-4498-b46a-02a1beef6d1a,Your.,Reggae,Israel,2015
23a9cc4a-9648-4a04-b0c3-b91cb496b6df,Wisp.,Blues,United Arab Emirates,1930
41bdd0ca-ecd0-4541-9d50-fe23ebbb030e,Punctuation.,Hard Rock,Saudi Arabia,2003
1d51cc16-75f0-46d7-be51-2dc5245d6517,Since.,Ska,Philippines,1939
f9ff3c27-2f46-4a77-9304-a7350ba5a22c,Both.,Soul,Serbia,1940
ce55b80b-bdb0-47eb-b90a-ebfb9c300597,Next.,Crossover,Turkey,1960
658508b1-800c-474b-813d-a7b74a082d0f,Whose.,Alternative,USA,2002
7e75dea0-8dba-4082-958e-e2df02e77be5,Hand.,Hip-hop,Germany,1989
769137ce-6fef-4b74-a1d4-23faedd8ea6f,Those.,Psychedelic Rock,Russia,1931
aa77596f-bd11-49ca-ab9d-417698e78387,Anybody.,Techno,Slovenia,1974
f698b400-2a65-45e4-839d-bafefbcba66e,Wow.,Ambient,Romania,2002
b05524a9-e8f4-4912-8f88-14b89280bea9,Those.,Punk,Mexico,1925
d5042732-bdb1-4d34-b0a5-25e00e3be4ac,Straight.,Psychedelic Rock,Hungary,1930
91d3af4e-e517-4f27-88f5-12d00659e766,Just.,Musical Theatre,Brazil,1998
4af38e6c-423b-4ef4-aff0-73300f95bff5,First.,Indie,Ireland,1955
682ec64a-e957-43a1-bf38-a7e9d7aed4c9,Eye.,Acoustic,Singapore,1951
c9b695f9-0b1c-4ea8-9942-255038f76a70,Day.,Progressive,Thailand,1966
d126a9d8-ee99-4ec0-966a-94726fcf24b7,Growth.,Musical Theatre,Greece,1989
4050388e-4a2d-4a2e-b4ea-06195ff91f02,Each.,Dance,Vietnam,1973
57b9f0d9-ebaf-4deb-ae6c-1462ba66d8ed,Itself.,Progressive,Norway,1927
7d862fa3-0905-4eb6-9c29-b1e0f8946557,Heavily.,New Age,Thailand,1999
6a372c47-b20a-46a2-b951-c681f7680bb3,On.,Progressive,Romania,1967
f925a867-f8d6-470e-bd7b-64f24148c57d,Skyscraper.,Celtic,South Africa,1932
ed5101b1-8380-4930-9f79-06d0851d4f06,Tonight.,Ambient,China,2010
95b94fb5-0cc6-4025-8f3b-67de5d8c676e,Elegance.,Reggae,Belgium,1964
fedd218d-82dd-4875-bd34-1198925690dd,Union.,New Age,Greece,2000
edb03c7f-c502-4f76-a6ee-f3296312e59d,Part.,Rap,Bulgaria,2022
9d5c776d-978c-42b6-ab91-a79630c32a7f,Any.,Celtic,Vietnam,1937
3beb78d1-2708-4443-81e9-faff4be68848,Being.,Chamber,Canada,1978
ce050fc8-e2f8-4f53-892b-811bb07c51da,Therefore.,Crossover,Portugal,1956
dc2de597-6b1a-4c37-9739-c393dd4bcf21,Understanding.,Electronic,Vietnam,2020
b2db7ea1-9a2b-4ef5-b0d5-ae02446423b4,Ugly.,Indie,Serbia,1950
c7233dae-c576-4d81-a44a-fa8264773b6f,Lincolnian.,Dance,Mexico,1946
6e73c8b0-5161-4663-a6d1-d7b8dfb4df75,Most.,Indie,Bulgaria,1970
eb46440c-aeb1-496c-af27-6b7ba1e43bf3,Do.,Country,Russia,1938
338ba698-b6c1-4333-9cf3-9fc9794db2c9,Constantly.,Alternative Hip-hop,Israel,1933
457c8b25-1362-448d-bf9e-86fbc19c956b,Turn.,Traditional,Italy,2018
51733d62-d2f2-4b9f-bdb5-94006d5765aa,Your.,World,Vietnam,2023
5f256dd3-0e1a-4745-a24e-c0c007a58f30,Besides.,Blues,Romania,1951
67cdbfad-5fae-4a1c-a70c-46b47849c9a7,Tonight.,Dance,Thailand,1928
8c7e4cd3-ac89-44ca-b69b-47bdf64f8a97,One.,Ska,Italy,1933
bbdc04b1-36ef-4968-80f5-8f73dfb88000,You.,Techno,Canada,2012
cd7624ea-d3c7-4266-a5a2-1926ab99067f,On.,Funk,Spain,1990
5f0e1a90-db39-4225-9df1-48c409727b83,Horror.,Hip-hop,China,1987
4878423e-4d3f-40fd-ab80-fca3dfb0fcdd,Over.,Electronic,USA,1930
fa9ce753-d0e3-476c-9e95-ad80db24014f,Part.,Pop,India,1923
ea4ed97c-5641-4c43-b021-67b606adbf21,Mine.,World,United Arab Emirates,1953
daf44edd-a0ca-4ddc-b4a0-bca44da328f9,That.,Jazz,Bulgaria,1947
b567880f-0e1f-4f81-8fb1-883accb1d0b2,Coffee.,R&B,United Kingdom,2002
a5e6c759-a6f5-497a-bd07-a38928c30fbc,Money.,Musical Theatre,Chile,1965
3518e685-5df5-4ca0-b3c2-5e6dd83d1529,Can.,Alternative,Argentina,2023
01a1eff0-4981-4805-829b-f7d16e971e64,Annually.,Hardcore,Romania,1943
165ae672-82a2-4f94-b47c-a19512e7da5e,Whichever.,Dance,Switzerland,2020
1caf74a8-576c-498d-a182-f22fbe42c315,That.,New Age,Netherlands,1940
d713dd34-6488-49af-af4c-f731923f311e,From.,Ska,Ireland,1940
6aa6681c-84fd-45c0-bb3e-28c660eacff4,Itself.,Musical Theatre,Ireland,1997
00b97928-2bdc-4535-8c5f-6d39a90a71c7,Throughout.,Ambient,South Africa,2021
04014791-2933-4797-9b21-828863386ee2,Am.,R&B,India,1963
3a4cf3a4-9117-4d27-8f65-68bef3d9c272,Care.,Ambient,Hungary,1959
28a362f0-efb2-40a2-8125-b0dcdd94c5be,Pretty.,Rock,Belgium,1955
30a8c0e0-a11d-4b40-815d-f33c8fdbb079,Annually.,Hard Rock,United Kingdom,1989
b105b53c-4a3d-4402-bfc7-acf347c05530,Wearily.,Hardcore,Poland,1971
927786cc-0aee-4231-b63e-2166237b0d52,Bravo.,Rock,India,1939
b81fab0b-de5f-4e80-9ac3-c3828cfb5be7,Pause.,Metal,Chile,1995
9a6e2ed7-51bb-44e7-8b97-5e91c5a11469,Yet.,R&B,Ukraine,1926
377169c6-c5eb-4051-a34a-95129f14422a,Your.,Folk,USA,1999
9fe455a6-270b-4d21-a879-74d355c2c0be,Us.,Alternative,Argentina,1993
d9852b37-52d1-4460-80dd-3d636c8f7cd9,Were.,Traditional,Chile,1983
a30eb52f-23f1-4ea1-bea9-3057eba3f190,Outside.,Disco,Thailand,2021
0c15b8dd-4d72-4e4b-b399-111bc8752e98,First.,Hardcore,Vietnam,2001
c16efef0-7021-4c76-a773-61b6858fbcd0,Bermudas.,Celtic,South Africa,1936
dc4d3a77-ee1e-4bcb-8fa9-aeafa59c9acd,Of.,Folk,South Africa,2015
514d3c01-95ec-4376-960b-d1ec970a389d,Anyway.,Musical Theatre,Finland,1999
ca25534f-d6d1-4d83-a036-926c472d775a,Lie.,Psychedelic Rock,New Zealand,2000
c313cb20-9944-48b8-a52e-91022bb61ceb,Her.,Folk,Greece,1984
76d371a4-7d86-40bd-9981-13a180f31d7f,Wake.,Celtic,USA,1959
46abedb2-c725-4d5a-80de-c66fe72946e1,Slap.,Rock,Netherlands,2011
96d42791-6ced-4937-9ede-bd3ac93a9015,Her.,Celtic,Serbia,1971
16d3620e-c381-430d-b6ea-35f06c5ce373,She.,Metal,Netherlands,2001
f74b328e-5e6e-4b49-95ff-83b4b17e966f,Lebanese.,Psychedelic Rock,Hungary,1975
3db83b8a-2a43-40da-a677-173a90c5e1c7,Before.,Celtic,Ireland,1990
e3284ac7-6b03-42ba-85a1-3c153c95ac08,Any.,Psychedelic Rock,Serbia,1933
5180c007-e68c-4645-a787-5b53855c73ff,Kazakh.,Techno,Sweden,2009
40b2f524-0b66-4213-8196-fffab2bd5188,Danish.,Musical Theatre,Philippines,1926
68f58f8d-bb2b-4e32-8790-ce1d179bb198,Of.,Gothic,Romania,2005
bd67002a-8b87-4de5-a340-bcc143ff9381,Ours.,Funk,Singapore,1978
dd975970-3abd-43a0-bd15-0a52a01bf985,Hindu.,R&B,Malaysia,1940
404dc641-063d-4509-877e-42b20c02df71,Somewhat.,World,Brazil,1954
ffaa7c5b-cd20-4f4a-8f34-a3434a3ffda2,Smile.,Alternative,Australia,1977
4bd43991-d6d2-4225-b21a-311b8d25b7f6,Chair.,Acoustic,Argentina,1990
d5833974-1e43-4c10-9acb-18904541d135,Moreover.,World,USA,1948
99edeb10-4e5c-40f1-a33d-21c2dbc1034b,Woman.,Alternative Hip-hop,Switzerland,1986
790c4212-1e3e-433e-84ac-3bceca791888,Ever.,Dance,Thailand,1933
fb0ba75d-47a5-41c6-87d7-8d4b9a3cb712,Desktop.,Alternative,Saudi Arabia,1991
7a9abe0d-9761-4d0a-b37f-17e7488ee3e5,Anyone.,Chamber,Israel,1928
3aaa08ac-789b-4fec-a235-f1f8095badaf,Whose.,Electronic,Serbia,1926
681da472-9e74-4d72-84d5-ad0eadf93145,Theirs.,Acoustic,Slovenia,1996
f641e1d4-db00-43c2-8c7c-f6b2fcc1f7fa,Decidedly.,Alternative,Brazil,1997
e9b820d7-dc05-41a4-9b4b-e8c87d499b3a,Onto.,Rock,Philippines,1998
f9d807af-2a26-4b4c-84e5-2ff58b270fbd,Young.,Acoustic,Chile,1995
0dc94660-ec80-4a93-8219-b6d3601008b3,Their.,Ska,Greece,1939
2d218508-397e-445f-878c-4b03ef8e1f05,Abundant.,Blues,Portugal,1992
fe87fc55-d826-47f0-b120-85407366ede3,Ours.,R&B,Finland,1967
089e8c6a-2882-44ac-89dc-e6f13f830e6b,A.,Punk,Austria,1958
de648b8d-5a94-473b-b553-3385785953e5,Whom.,Trance,Greece,2003
bf3bf0fe-09b7-4b86-822a-de4ec0f6e710,One.,Soul,Slovenia,1951
a83dd4fb-eb4a-4e4c-8980-063c5b98f8b9,Had.,Latin,Turkey,1980
80979172-ec9a-403f-b747-d02c3c25e801,This.,Reggae,New Zealand,1956
c4e43630-88da-4d68-95e6-4b7f4a9a2219,Other.,Dubstep,Sweden,1931
9c378edb-57a3-448d-b1a6-9097b105c82a,When.,Jazz,Vietnam,1957
aa556359-24e8-4cd5-96d7-9f7146a62ff9,Anybody.,Alternative Hip-hop,Australia,1944
ed752bfa-9ad2-493e-b616-4dd751e97a02,Cook.,Synth-pop,Sweden,1927
d7dd910b-f4f9-472a-a4d8-376796445df9,Weekly.,Rock,Saudi Arabia,1929
eb94dfec-29ce-4d9a-8428-ba2f52774005,Abroad.,Gothic,France,1965
a76b4ccc-5594-4642-aace-4bf5139fcdb6,None.,Dubstep,Australia,1939
bdddbcb0-854b-433f-b6a3-aeef2414196b,Their.,Crossover,Belgium,1950
d3fb22de-dcf0-4a6b-94f9-bfd2a0cce3f8,Work.,New Age,Austria,2017
5b8d60cc-c236-4d66-995c-6bd1aa90cf07,Yours.,Reggae,Argentina,1997
29ed9c1a-c7ee-4824-bd1b-67b5ed857b9f,To.,Rock,Bulgaria,2002
25d481ef-6484-423a-96dc-3f8c7869db8a,That.,Soul,Finland,1986
ad8e28a5-a772-4688-98e4-c3b6998a3996,Bevy.,Rock,Portugal,1933
f74695a0-efb6-4acf-906f-c5cac8b0a714,Ouch.,Dubstep,Thailand,1936
acef93a3-532c-4327-b312-6bf257fa5f12,This.,Lounge,Thailand,1944
c00dc201-bd99-456c-b5f7-957279a3aa36,Advantage.,Latin,Israel,1929
d9982174-b099-42ad-942d-895a7965e903,Hey.,Ska,France,1990
a3035ffb-8105-4b4f-ae2e-67ead8b1c0f8,Wake.,Indie,Brazil,1977
f9fb5b11-dbe6-41e4-85bf-7ade42c695c8,None.,Alternative,Colombia,1932
c32cfb75-476d-44a5-9179-8db4879bffeb,Firstly.,Crossover,USA,1933
7b25a093-ec53-42a6-a1c6-1f5f4460a5d4,I.e..,Reggae,Chile,1947
e795508a-88e6-41bd-be56-1df2bb607f42,My.,Progressive,Ukraine,1937
0159ed98-0a2d-48f6-b58a-3cfac98e30eb,Sparse.,R&B,Brazil,1982
764c0f4b-f289-4c60-8b52-b2eae37c0ed6,When.,Alternative,Netherlands,1992
96f8f8a3-479a-4daf-b1d8-cd02c07e7a03,Distinguish.,Punk,Spain,2000
5d5bfae0-2c7c-4288-a070-26581d766317,Few.,Ambient,France,1990
1f4fa21d-2246-47e8-aa73-cb9731c2da1d,One.,Country,New Zealand,1955
3ee65280-bf8c-44e9-a354-3e26e36f5d0e,Her.,Celtic,Saudi Arabia,1999
a1c12444-9b97-4a56-ac69-e7fb6079a8ae,Each.,Latin,Ukraine,1956
f1620b49-67d7-4627-9a38-fac84e150e29,Donkey.,Synth-pop,Russia,1986
59019b6a-9cba-4bb5-82b4-9d3946efeac4,Why.,Techno,South Africa,1965
cc1a5462-6526-499d-b46e-f1b222f913fa,Because.,Chamber,Serbia,1942
67b15cd7-f83c-4cbd-8ce9-b0e9915694d3,Lucky.,Trance,Mexico,1985
3c30b2e0-e5d6-4f57-84ec-9d3d52123c4b,No.,Metal,Saudi Arabia,1993
5cda9e1e-29e7-4dab-81e5-ecf81f519f9a,Example.,Alternative Hip-hop,Brazil,1998
a291ffb3-a4b2-402c-b5e0-42ede98bef33,Dream.,Synth-pop,Netherlands,2011
0555a073-40a0-48b2-a957-e8df3b290342,Say.,Celtic,Vietnam,1949
2da863a9-f8f7-4ed5-94dc-a084b4223d3b,Then.,Hard Rock,Saudi Arabia,1977
3f1470f9-8614-4d2b-91e4-8c8bb3978edd,Fatally.,Pop,Singapore,1994
ea198c9d-dc1a-446f-bb7c-c7414a275802,Exactly.,Country,Hungary,1952
1e33de9d-ea68-43d5-8846-da15109212b3,Eventually.,Latin,Poland,1935
c4759792-802f-4878-b7e5-4bf3ee2a2180,Outcome.,Celtic,Netherlands,1934
852d786b-cfde-43cf-9c17-30c0d5521822,Should.,Soul,Bulgaria,1928
358d5b41-d022-4bd2-8445-26556e69bda8,Your.,Jazz,Ireland,1939
5413ee7d-6a3f-4d1e-a17a-b0a4559d6b57,Ahead.,Reggae,Mexico,1943
73741d07-fc6d-4df6-bc4f-9b429bfbf247,For.,Rap,New Zealand,1923
2938bc86-a4c1-4c9e-bf41-f0b9d7a8a73a,Band.,Hard Rock,Italy,1949
d21cc254-539e-42a2-b1ce-89a7fc1125b9,Those.,Reggae,Philippines,1934
f18f88e2-5cd0-48cd-90f5-a2c2c67dbf2c,I.,Jazz,Switzerland,1950
1caec713-16f2-4f75-ad0d-81d386057c97,That.,Hardcore,Ireland,1977
4ff42ec6-28ac-4ad7-90ec-c80406ea7b1a,Gold.,Techno,Spain,1923
8cbbf884-0286-4350-94f6-b8b8bd2e13c2,Silently.,Acoustic,Serbia,1949
672a48ad-9160-4bf0-8edd-f8e6e54e6bcc,Why.,Acoustic,Bulgaria,2016
61afec2d-ffd3-4abb-8569-d97e0969c07f,Live.,Chamber,Chile,1947
9c0f305b-8c8b-4811-a076-91248f34cf89,Whom.,Chamber,Italy,1942
e71ff588-23bf-46d0-84dd-ec8eab804dba,Before.,Indie,China,2000
addecf70-0050-434a-9a56-f8c2171b201c,Fact.,Musical Theatre,Austria,1967
7839b69d-327c-4866-8d57-114572531c15,Dance.,Ambient,India,1974
51741e8b-f3f2-4dfb-bb51-c8167d825ad1,Hedge.,Disco,Belgium,1950
43f81231-ec92-4670-a72d-22a5baa9480b,Why.,Pop,Sweden,2001
593d69f7-93e9-4775-ae57-ea2b598e3775,Moreover.,Jazz,Czech Republic,2004
e6ff7209-bc6f-412c-9fa9-bd3495484c7a,Opposite.,Hardcore,Austria,2010
d96a9cad-e05e-4d20-9802-2117eb0539a2,Tomorrow.,Crossover,India,1970
799139c4-f2e4-467a-b6ea-5bab45db3d9a,Yet.,Soul,Switzerland,1986
d3e9c103-644b-428d-909e-e51d50a0b450,Is.,Chamber,Mexico,2008
6fcbd2f4-7fd2-4b7a-840d-57293c37a123,From.,Dubstep,Japan,1959
5726adb6-13fc-49f1-82a6-53dfabe4f5d2,Without.,Psychedelic Rock,Germany,2005
1703c1e7-ff8f-46cb-9989-5652c192670b,Lately.,Musical Theatre,Switzerland,1930
c50fdc4b-be6e-4dda-b961-3cfaad85677c,Oops.,Techno,Netherlands,1945
d20e5942-921a-4047-a57e-c81dceb03797,Company.,Crossover,South Korea,1945
d9e0d0b7-0ff8-4b2f-b220-bcaa1a6dbc7f,All.,Hardcore,Malaysia,1964
779a229b-807d-46b1-9d4b-57c6319e1804,An.,Dance,Germany,1994
eb0368ba-15b3-4455-a027-b6440c553508,Who.,Dance,Brazil,2000
15a6576d-b5f2-4c87-a4dc-769970d49a20,Aha.,Crossover,Japan,1992
7967a335-3d1a-4846-9dc4-d9c999ce1696,You.,Hip-hop,Ireland,1961
0767a055-88bf-4e66-9cff-bea2c51cd94e,Then.,Traditional,Poland,1989
81c0da70-806e-4ccc-a88c-4431aaf69d7c,Will.,Soul,Belgium,1958
8e0ded62-9644-4bf9-8ffa-70240331279d,Ever.,Funk,Colombia,2008
7fc8a224-0543-48aa-a7a9-c0ae66bdf9c3,Herself.,World,Greece,1998
2a810662-49d4-460e-a199-85143d731fb4,It.,Hard Rock,United Arab Emirates,1950
cd19156b-d873-4d87-9cb8-5018fe0ffddb,Straightaway.,New Age,Hungary,1973
fdfa8ff5-fcb1-4e52-851b-3e599fe1eb33,Earlier.,Lounge,Serbia,1979
6f1415b6-b00f-4ddd-9f7d-751bd49b1deb,Class.,Techno,Israel,1949
f682dc63-c09e-4ca4-acf8-bf7c33841b6a,Whenever.,Musical Theatre,Croatia,1949
d723989d-4a53-40df-a4ee-61e4a22cbc57,In.,Reggae,Malaysia,1982
c1f4543b-ff91-41ea-91bb-80673b6d13c3,Really.,Classical,Thailand,1955
f761703c-44cc-4adf-80f3-b99605b3458d,This.,Rap,Serbia,2006
acb67635-e972-454b-a3df-49e67b153517,Least.,R&B,Finland,1938
6aa1255c-2f0d-4772-bddb-7d919db38f2b,Whose.,Blues,Hungary,2008
3aa10ce3-10d7-40fc-aa46-052ec5be391b,Next.,Classical,Belgium,1979
b1ddadf2-0125-4228-94a2-6746ff74deb7,Accordingly.,Blues,Croatia,1966
003fb33e-a9ca-4952-928d-d8d87f7f939a,Another.,Soul,Romania,1923
3b9b32d6-61e2-4b00-8f70-0394c4128922,Quarterly.,R&B,Spain,2011
ffc6b45d-94a0-49c9-bfe1-1f655cbd112b,Hmm.,Rap,Turkey,1922
fa72d75b-a26c-417a-a6e7-68e5dc15a0d7,Then.,Ska,Australia,2006
26fae0e1-7275-483d-9bd7-6dabb0d967db,Putinist.,R&B,Argentina,1947
efab013e-6503-403a-9a3b-27121abe1cc2,Week.,Pop,Chile,2011
7d95907d-8682-4177-8af4-1e57789efd05,There.,Dance,Croatia,1968
f170eb54-43f9-4a90-982d-91a854999d2e,Then.,Dance,Turkey,1981
cd1c1299-ec6b-4434-92f0-b9a9c1a121fb,Place.,Psychedelic Rock,Australia,1991
d916c9c9-b555-44b0-b3f3-f70f4a61055a,Gold.,Indie,Israel,1940
588e6833-105d-4631-9868-b0272d8ce663,Anyone.,Alternative Hip-hop,Japan,1979
496e60ef-117f-49c3-8acd-53f7ef72ceeb,Many.,Indie,Finland,1993
d450315a-e213-4634-a9ac-e28ffa156d85,Punch.,Classical,Chile,2014
73a438b1-184f-4f96-9c1e-0c87d4cd3c9e,How.,Psychedelic Rock,Switzerland,1969
d338eb38-ecd0-4c45-b2fc-ff6a9e981dbf,Within.,New Age,South Africa,1989
c8eace9a-2f95-4b0e-aaa0-1233a845a5e7,Fortnightly.,Disco,Poland,2022
e119c966-8bcf-46bf-9b72-5a1213bae30b,Everyone.,Rock,United Arab Emirates,1964
3b750715-f8dc-418a-b511-37d193006351,Who.,Folk,Canada,1975
4168e032-0994-4f9e-9b16-cfc25e25f0af,Sensibly.,Psychedelic Rock,Belgium,1937
9af81e4b-1511-4b11-aa45-684ca6e26696,This.,Disco,Slovakia,1940
bb4a702b-4a95-425e-9245-e492b45d75c8,Patrol.,Alternative Hip-hop,Croatia,1977
84e2bc2f-e7a3-4dd7-9ee7-2416e3f378d6,Left.,Hardcore,Norway,1962
3a180efa-153d-4f2d-8a3c-2f4c337c84ba,Forest.,Gothic,South Africa,1933
09ad0434-3ff6-4bde-8dd8-554aff1dd6e9,Mine.,Alternative Hip-hop,Sweden,1933
af52e1d2-e3c5-42aa-9481-2d33f54dff06,Lebanese.,Country,Australia,1960
311b1bef-6d7c-4cc2-9ae2-af5204971aea,Summation.,Alternative,Ireland,1994
ede604eb-4ffc-4862-bd97-df9e2cb673aa,Far.,Celtic,Russia,1981
2caadfd8-0eba-4b53-baf1-71047b248df5,Star.,R&B,South Africa,2012
c9b83757-f4eb-479f-ae1f-3101a01972c9,Of.,Jazz,Poland,1943
95434d6a-36fb-4717-aace-7fa31a15c99e,Dig.,Traditional,Argentina,1979
1df3edd1-bc66-465f-a9cc-17c5887f21ed,Afterwards.,Classical,Croatia,1983
57029979-5834-4e82-a07b-4ab5edcd7c62,One.,Lounge,Vietnam,1942
e10153a0-1907-488f-a3af-2fd554355dc4,Anyway.,World,Slovenia,1933
fd18c888-dd55-4bcf-82ea-42d6f8a4ad4d,Instance.,Rap,Thailand,1985
122b505e-88fd-4663-82d9-5d0aff37bca2,Mob.,Traditional,Argentina,1951
06ca3575-3e59-427c-9324-616f46b31c55,Her.,New Age,Vietnam,1970
